date,time,weight_kg,bmi,body_fat_pct,muscle_pct,water_pct,protein_pct,bone_mass_kg,bmr_kcal,visceral_fat
2020-01-09,2020-01-09T09:56+03:00,51.6,18,,,,,,,
2020-01-11,2020-01-11T10:22+03:00,51.5,18,,,,,,,
2020-01-12,2020-01-12T10:22+03:00,51.9,18.1,,,,,,,
2020-01-13,2020-01-13T10:07+03:00,51.6,18,,,,,,,
2020-01-14,2020-01-14T10:21+03:00,51.8,18.1,,,,,,,
2020-01-15,2020-01-15T10:35+03:00,51.8,18.1,,,,,,,
2020-01-16,2020-01-16T10:22+03:00,51.9,18.1,,,,,,,
2020-01-17,2020-01-17T10:04+03:00,51.6,18,,,,,,,
2020-01-18,2020-01-18T10:45+03:00,51.4,17.9,,,,,,,
2020-01-19,2020-01-19T10:38+03:00,51.2,17.9,,,,,,,
2020-01-20,2020-01-20T13:01+03:00,51.4,17.9,,,,,,,
2020-01-21,2020-01-21T10:04+03:00,51.6,18,,,,,,,
2020-01-22,2020-01-22T10:07+03:00,51.5,18,,,,,,,
2020-01-26,2020-01-26T10:25+03:00,51.3,17.9,,,,,,,
2020-01-27,2020-01-27T08:47+03:00,51.2,17.9,,,,,,,
2020-01-29,2020-01-29T10:24+03:00,51.1,17.8,,,,,,,
2020-01-30,2020-01-30T10:12+03:00,51.3,17.9,,,,,,,
2020-01-31,2020-01-31T13:01+03:00,50.6,17.7,,,,,,,
2020-02-02,2020-02-02T09:47+03:00,51,17.8,,,,,,,
2020-02-03,2020-02-03T10:21+03:00,51.1,17.8,,,,,,,
2020-02-04,2020-02-04T10:44+03:00,51.4,17.9,,,,,,,
2020-02-06,2020-02-06T10:26+03:00,51.2,17.9,,,,,,,
2020-02-08,2020-02-08T09:57+03:00,51.5,18,,,,,,,
2020-02-09,2020-02-09T11:53+03:00,51.4,17.9,,,,,,,
2020-02-10,2020-02-10T13:34+03:00,51.5,18,,,,,,,
2020-02-11,2020-02-11T10:49+03:00,51.1,17.8,,,,,,,
2020-02-14,2020-02-14T10:29+03:00,51.2,17.9,,,,,,,
2020-02-15,2020-02-15T14:01+03:00,51.3,17.9,,,,,,,
2020-02-16,2020-02-16T11:02+03:00,50.9,17.8,,,,,,,
2020-02-17,2020-02-17T10:54+03:00,50.9,17.8,,,,,,,
2020-02-19,2020-02-19T10:05+03:00,51,17.8,,,,,,,
2020-02-20,2020-02-20T10:05+03:00,50.8,17.7,,,,,,,
2020-02-21,2020-02-21T10:05+03:00,50.6,17.7,,,,,,,
2020-02-23,2020-02-23T10:00+03:00,51.8,18.1,,,,,,,
2020-02-24,2020-02-24T10:21+03:00,51.3,17.9,,,,,,,
2020-02-25,2020-02-25T09:52+03:00,51.5,18,,,,,,,
2020-02-26,2020-02-26T10:30+03:00,51.9,18.1,,,,,,,
2020-02-28,2020-02-28T10:08+03:00,51,17.8,,,,,,,
2020-03-01,2020-03-01T10:07+03:00,51.5,18,,,,,,,
2020-03-02,2020-03-02T10:26+03:00,51.6,18,,,,,,,
2020-03-03,2020-03-03T10:06+03:00,51.2,17.9,,,,,,,
2020-03-04,2020-03-04T10:25+03:00,51.1,17.8,,,,,,,
2020-03-05,2020-03-05T10:08+03:00,50.9,17.8,,,,,,,
2020-03-06,2020-03-06T10:50+03:00,51,17.8,,,,,,,
2020-03-10,2020-03-10T10:21+03:00,51.4,17.9,,,,,,,
2020-03-11,2020-03-11T10:17+03:00,51.6,18,,,,,,,
2020-03-12,2020-03-12T09:52+03:00,51,17.8,,,,,,,
2020-03-13,2020-03-13T10:10+03:00,51.3,17.9,,,,,,,
2020-03-14,2020-03-14T11:20+03:00,50.7,17.7,,,,,,,
2020-03-16,2020-03-16T10:29+03:00,51,17.8,,,,,,,
2020-03-18,2020-03-18T09:59+03:00,50.7,17.7,,,,,,,
2020-03-20,2020-03-20T10:32+03:00,50.8,17.7,,,,,,,
2020-03-21,2020-03-21T10:43+03:00,51.3,17.9,,,,,,,
2020-03-23,2020-03-23T07:35+03:00,50.9,17.8,,,,,,,
2020-03-24,2020-03-24T11:12+03:00,51.1,17.8,,,,,,,
2020-03-25,2020-03-25T12:07+03:00,50.5,17.6,,,,,,,
2020-03-27,2020-03-27T10:21+03:00,50.7,17.7,,,,,,,
2020-03-29,2020-03-29T10:27+03:00,50.5,17.6,,,,,,,
2020-03-30,2020-03-30T12:00+03:00,50.4,17.6,,,,,,,
2020-04-01,2020-04-01T10:13+03:00,50.9,17.8,,,,,,,
2020-04-02,2020-04-02T10:28+03:00,50.6,17.7,,,,,,,
2020-04-03,2020-04-03T10:16+03:00,50.7,17.7,,,,,,,
2020-04-05,2020-04-05T13:39+03:00,50.1,17.5,,,,,,,
2020-04-07,2020-04-07T08:08+03:00,49.9,17.4,,,,,,,
2020-04-08,2020-04-08T12:21+03:00,50.1,17.5,,,,,,,
2020-04-09,2020-04-09T10:04+03:00,49.8,17.4,,,,,,,
2020-04-10,2020-04-10T11:01+03:00,50.1,17.5,,,,,,,
2020-04-12,2020-04-12T11:47+03:00,50.4,17.6,,,,,,,
2020-04-14,2020-04-14T12:13+03:00,50.7,17.7,,,,,,,
2020-04-15,2020-04-15T10:36+03:00,50.6,17.7,,,,,,,
2020-04-16,2020-04-16T09:55+03:00,51,17.8,,,,,,,
2020-04-17,2020-04-17T10:49+03:00,50.9,17.8,,,,,,,
2020-04-18,2020-04-18T12:48+03:00,50.4,17.6,,,,,,,
2020-04-20,2020-04-20T10:49+03:00,51.1,17.8,,,,,,,
2020-04-21,2020-04-21T12:04+03:00,51,17.8,,,,,,,
2020-04-22,2020-04-22T10:36+03:00,50.7,17.7,,,,,,,
2020-04-24,2020-04-24T10:16+03:00,50.7,17.7,,,,,,,
2020-04-25,2020-04-25T11:06+03:00,51,17.8,,,,,,,
2020-04-26,2020-04-26T11:20+03:00,51.2,17.9,,,,,,,
2020-04-27,2020-04-27T10:22+03:00,51.7,18.1,,,,,,,
2020-04-28,2020-04-28T10:30+03:00,51.4,17.9,,,,,,,
2020-04-29,2020-04-29T10:42+03:00,51,17.8,,,,,,,
2020-04-30,2020-04-30T10:48+03:00,51,17.8,,,,,,,
2020-04-30,2020-04-30T10:49+03:00,51,17.8,,,,,,,
2020-05-01,2020-05-01T10:38+03:00,50.8,17.7,,,,,,,
2020-05-03,2020-05-03T10:02+03:00,51.3,17.9,,,,,,,
2020-05-06,2020-05-06T10:49+03:00,50.5,17.6,,,,,,,
2020-05-09,2020-05-09T09:55+03:00,50.9,17.8,,,,,,,
2020-05-10,2020-05-10T10:27+03:00,51,17.8,,,,,,,
2020-05-11,2020-05-11T10:36+03:00,51,17.8,,,,,,,
2020-05-12,2020-05-12T10:32+03:00,50.6,17.7,,,,,,,
2020-05-13,2020-05-13T10:07+03:00,50.7,17.7,,,,,,,
2020-05-14,2020-05-14T10:56+03:00,50.1,17.5,,,,,,,
2020-05-17,2020-05-17T10:04+03:00,51.1,17.8,,,,,,,
2020-05-18,2020-05-18T10:06+03:00,51.1,17.8,,,,,,,
2020-05-19,2020-05-19T10:26+03:00,50.3,17.6,,,,,,,
2020-05-20,2020-05-20T10:30+03:00,50.5,17.6,,,,,,,
2020-05-21,2020-05-21T10:26+03:00,50.5,17.6,,,,,,,
2020-05-22,2020-05-22T10:14+03:00,50.7,17.7,,,,,,,
2020-05-23,2020-05-23T11:35+03:00,50.7,17.7,,,,,,,
2020-05-24,2020-05-24T11:00+03:00,50.6,17.7,,,,,,,
2020-05-25,2020-05-25T10:43+03:00,50.8,17.7,,,,,,,
2020-05-26,2020-05-26T10:35+03:00,50.4,17.6,,,,,,,
2020-05-27,2020-05-27T10:13+03:00,50.4,17.6,,,,,,,
2020-05-28,2020-05-28T10:17+03:00,49.9,17.4,,,,,,,
2020-06-01,2020-06-01T10:56+03:00,50.8,17.7,,,,,,,
2020-06-02,2020-06-02T10:28+03:00,50.2,17.5,,,,,,,
2020-06-03,2020-06-03T10:00+03:00,50,17.5,,,,,,,
2020-06-04,2020-06-04T10:41+03:00,49.9,17.4,,,,,,,
2020-06-06,2020-06-06T12:05+03:00,50,17.5,,,,,,,
2020-06-07,2020-06-07T09:56+03:00,50.4,17.6,,,,,,,
2020-06-08,2020-06-08T10:40+03:00,50.2,17.5,,,,,,,
2020-06-09,2020-06-09T10:30+03:00,50.3,17.6,,,,,,,
2020-06-11,2020-06-11T10:18+03:00,49.8,17.4,,,,,,,
2020-06-21,2020-06-21T09:28+03:00,50,17.5,,,,,,,
2020-06-22,2020-06-22T10:15+03:00,50,17.5,,,,,,,
2020-06-23,2020-06-23T10:25+03:00,50.3,17.6,,,,,,,
2020-06-25,2020-06-25T10:18+03:00,49.2,17.2,,,,,,,
2020-06-26,2020-06-26T10:25+03:00,49.6,17.3,,,,,,,
2020-06-28,2020-06-28T09:27+03:00,50.2,17.5,,,,,,,
2020-06-29,2020-06-29T10:30+03:00,49.5,17.3,,,,,,,
2020-06-30,2020-06-30T10:13+03:00,49.7,17.4,,,,,,,
2020-07-01,2020-07-01T10:27+03:00,49.3,17.2,,,,,,,
2020-07-02,2020-07-02T10:29+03:00,49.9,17.4,,,,,,,
2020-07-03,2020-07-03T10:23+03:00,50,17.5,,,,,,,
2020-07-03,2020-07-03T10:24+03:00,50,17.5,,,,,,,
2020-07-05,2020-07-05T10:46+03:00,49.8,17.4,,,,,,,
2020-07-06,2020-07-06T09:56+03:00,50.1,17.5,,,,,,,
2020-07-07,2020-07-07T09:58+03:00,49.5,17.3,,,,,,,
2020-07-08,2020-07-08T08:44+03:00,50.4,17.6,,,,,,,
2020-07-10,2020-07-10T10:31+03:00,50.4,17.6,,,,,,,
2020-07-11,2020-07-11T07:47+03:00,49.6,17.3,,,,,,,
2020-07-15,2020-07-15T07:37+03:00,49.9,17.4,,,,,,,
2020-07-15,2020-07-15T20:11+03:00,51.1,17.8,,,,,,,
2020-07-16,2020-07-16T07:16+03:00,49.6,17.3,,,,,,,
2020-07-17,2020-07-17T08:02+03:00,50.3,17.6,,,,,,,
2020-07-18,2020-07-18T09:26+03:00,50.1,17.5,,,,,,,
2020-07-19,2020-07-19T08:14+03:00,50.3,17.6,,,,,,,
2020-07-20,2020-07-20T08:07+03:00,50.4,17.6,,,,,,,
2020-07-21,2020-07-21T09:54+03:00,50.4,17.6,,,,,,,
2020-07-22,2020-07-22T08:18+03:00,50,17.5,,,,,,,
2020-07-23,2020-07-23T07:21+03:00,49.9,17.4,,,,,,,
2020-07-24,2020-07-24T07:45+03:00,50.1,17.5,,,,,,,
2020-07-25,2020-07-25T08:23+03:00,50.2,17.5,,,,,,,
2020-07-26,2020-07-26T08:55+03:00,50.4,17.6,,,,,,,
2020-07-27,2020-07-27T08:26+03:00,50.6,17.7,,,,,,,
2020-07-28,2020-07-28T07:22+03:00,50.5,17.6,,,,,,,
2020-07-29,2020-07-29T07:42+03:00,50.2,17.5,,,,,,,
2020-07-30,2020-07-30T08:04+03:00,49.6,17.3,,,,,,,
2020-07-31,2020-07-31T07:58+03:00,49.2,17.2,,,,,,,
2020-08-03,2020-08-03T08:21+03:00,50.1,17.5,,,,,,,
2020-08-04,2020-08-04T07:09+03:00,49.7,17.4,,,,,,,
2020-08-05,2020-08-05T08:11+03:00,49.3,17.2,,,,,,,
2020-08-06,2020-08-06T07:23+03:00,49.4,17.2,,,,,,,
2020-08-07,2020-08-07T07:55+03:00,49.4,17.2,,,,,,,
2020-08-08,2020-08-08T07:17+03:00,49.3,17.2,,,,,,,
2020-08-10,2020-08-10T07:46+03:00,49.7,17.4,,,,,,,
2020-08-11,2020-08-11T07:40+03:00,50,17.5,,,,,,,
2020-08-12,2020-08-12T07:14+03:00,49.6,17.3,,,,,,,
2020-08-13,2020-08-13T08:22+03:00,49.5,17.3,,,,,,,
2020-08-14,2020-08-14T07:37+03:00,49.3,17.2,,,,,,,
2020-08-15,2020-08-15T08:41+03:00,49.7,17.4,,,,,,,
2020-08-16,2020-08-16T08:45+03:00,49.3,17.2,,,,,,,
2020-08-17,2020-08-17T07:50+03:00,49.7,17.4,,,,,,,
2020-08-18,2020-08-18T07:20+03:00,49.8,17.4,,,,,,,
2020-08-19,2020-08-19T09:02+03:00,49.7,17.4,,,,,,,
2020-08-20,2020-08-20T07:18+03:00,49.7,17.4,,,,,,,
2020-08-21,2020-08-21T09:09+03:00,50.5,17.6,,,,,,,
2020-08-22,2020-08-22T09:08+03:00,50.4,17.6,,,,,,,
2020-08-23,2020-08-23T06:58+03:00,50.4,17.6,,,,,,,
2020-08-31,2020-08-31T08:04+03:00,50.7,17.7,,,,,,,
2020-09-01,2020-09-01T07:23+03:00,50.9,17.8,,,,,,,
2020-09-02,2020-09-02T08:27+03:00,50.8,17.7,,,,,,,
2020-09-03,2020-09-03T09:14+03:00,51,17.8,,,,,,,
2020-09-04,2020-09-04T07:47+03:00,50.6,17.7,,,,,,,
2020-09-05,2020-09-05T07:17+03:00,50.9,17.8,,,,,,,
2020-09-06,2020-09-06T09:31+03:00,51.2,17.9,,,,,,,
2020-09-07,2020-09-07T08:18+03:00,51.1,17.8,,,,,,,
2020-09-08,2020-09-08T10:32+03:00,50.3,17.6,,,,,,,
2020-09-09,2020-09-09T08:15+03:00,50.5,17.6,,,,,,,
2020-09-10,2020-09-10T07:20+03:00,49.7,17.4,,,,,,,
2020-09-11,2020-09-11T08:31+03:00,50.3,17.6,,,,,,,
2020-09-12,2020-09-12T08:09+03:00,50.2,17.5,,,,,,,
2020-09-13,2020-09-13T08:29+03:00,50.5,17.6,,,,,,,
2020-09-14,2020-09-14T08:22+03:00,50.4,17.6,,,,,,,
2020-09-15,2020-09-15T07:25+03:00,49.8,17.4,,,,,,,
2020-09-16,2020-09-16T07:43+03:00,49.9,17.4,,,,,,,
2020-09-17,2020-09-17T07:26+03:00,49.4,17.2,,,,,,,
2020-09-18,2020-09-18T07:42+03:00,49.8,17.4,,,,,,,
2020-09-19,2020-09-19T07:50+03:00,49.5,17.3,,,,,,,
2020-09-21,2020-09-21T07:41+03:00,50.1,17.5,,,,,,,
2020-09-22,2020-09-22T07:12+03:00,50.1,17.5,,,,,,,
2020-09-23,2020-09-23T07:27+03:00,50,17.5,,,,,,,
2020-09-24,2020-09-24T07:24+03:00,49.8,17.4,,,,,,,
2020-09-25,2020-09-25T07:56+03:00,50.1,17.5,,,,,,,
2020-09-26,2020-09-26T08:11+03:00,50.2,17.5,,,,,,,
2020-09-26,2020-09-26T20:29+03:00,50.9,17.8,,,,,,,
2020-10-04,2020-10-04T18:30+03:00,52.6,18.4,,,,,,,
2020-10-05,2020-10-05T08:17+03:00,51.9,18.1,,,,,,,
2020-10-06,2020-10-06T08:40+03:00,51.1,17.8,,,,,,,
2020-10-07,2020-10-07T08:26+03:00,50.2,17.5,,,,,,,
2020-10-08,2020-10-08T07:53+03:00,50.1,17.5,,,,,,,
2020-10-09,2020-10-09T07:48+03:00,49.9,17.4,,,,,,,
2020-10-10,2020-10-10T08:32+03:00,50.6,17.7,,,,,,,
2020-10-11,2020-10-11T08:34+03:00,50.5,17.6,,,,,,,
2020-10-12,2020-10-12T08:33+03:00,51,17.8,,,,,,,
2020-10-13,2020-10-13T07:14+03:00,50,17.5,,,,,,,
2020-10-14,2020-10-14T08:11+03:00,50.3,17.6,,,,,,,
2020-10-15,2020-10-15T07:32+03:00,51,17.8,,,,,,,
2020-10-15,2020-10-15T16:01+03:00,51.3,17.9,,,,,,,
2020-10-16,2020-10-16T08:01+03:00,50.4,17.6,,,,,,,
2020-10-17,2020-10-17T08:50+03:00,50.3,17.6,,,,,,,
2020-10-18,2020-10-18T08:19+03:00,49.9,17.4,,,,,,,
2020-10-19,2020-10-19T07:47+03:00,51,17.8,,,,,,,
2020-10-20,2020-10-20T07:14+03:00,50.4,17.6,,,,,,,
2020-10-21,2020-10-21T08:14+03:00,50.8,17.7,,,,,,,
2020-10-22,2020-10-22T07:22+03:00,50.5,17.6,,,,,,,
2020-10-23,2020-10-23T09:11+03:00,51.2,17.9,,,,,,,
2020-10-24,2020-10-24T08:40+03:00,51,17.8,,,,,,,
2020-10-25,2020-10-25T08:02+03:00,50.5,17.6,,,,,,,
2020-10-26,2020-10-26T08:43+03:00,50.9,17.8,,,,,,,
2020-10-27,2020-10-27T07:15+03:00,51.1,17.8,,,,,,,
2020-10-28,2020-10-28T08:38+03:00,50.7,17.7,,,,,,,
2020-10-29,2020-10-29T07:15+03:00,50.6,17.7,,,,,,,
2020-10-30,2020-10-30T08:26+03:00,51.1,17.8,,,,,,,
2020-10-31,2020-10-31T08:56+03:00,50.6,17.7,,,,,,,
2020-11-01,2020-11-01T08:38+03:00,50.7,17.7,,,,,,,
2020-11-02,2020-11-02T08:24+03:00,50.6,17.7,,,,,,,
2020-11-03,2020-11-03T07:08+03:00,50.5,17.6,,,,,,,
2020-11-04,2020-11-04T09:01+03:00,50.6,17.7,,,,,,,
2020-11-05,2020-11-05T07:02+03:00,50.5,17.6,,,,,,,
2020-11-06,2020-11-06T08:14+03:00,51,17.8,,,,,,,
2020-11-07,2020-11-07T08:37+03:00,50.2,17.5,,,,,,,
2020-11-08,2020-11-08T08:44+03:00,50.7,17.7,,,,,,,
2020-11-09,2020-11-09T08:46+03:00,50,17.5,,,,,,,
2020-11-10,2020-11-10T07:07+03:00,50.4,17.6,,,,,,,
2020-11-11,2020-11-11T08:48+03:00,50.4,17.6,,,,,,,
2020-11-12,2020-11-12T07:13+03:00,50.1,17.5,,,,,,,
2020-11-14,2020-11-14T08:50+03:00,50.5,17.6,,,,,,,
2020-11-16,2020-11-16T08:58+03:00,50.3,17.6,,,,,,,
2020-11-17,2020-11-17T07:11+03:00,50.2,17.5,,,,,,,
2020-11-29,2020-11-29T20:41+03:00,49.8,17.4,,,,,,,
2020-11-30,2020-11-30T08:41+03:00,49.7,17.4,,,,,,,
2020-12-01,2020-12-01T08:39+03:00,49.5,17.3,,,,,,,
2020-12-02,2020-12-02T07:13+03:00,49.4,17.2,,,,,,,
2020-12-03,2020-12-03T08:50+03:00,49.6,17.3,,,,,,,
2020-12-04,2020-12-04T08:32+03:00,49.7,17.4,,,,,,,
2020-12-05,2020-12-05T08:13+03:00,49.6,17.3,,,,,,,
2020-12-06,2020-12-06T08:33+03:00,50.6,17.7,,,,,,,
2020-12-07,2020-12-07T08:55+03:00,50.1,17.5,,,,,,,
2020-12-08,2020-12-08T07:55+03:00,50.6,17.7,,,,,,,
2020-12-09,2020-12-09T08:44+03:00,49.8,17.4,,,,,,,
2020-12-10,2020-12-10T07:13+03:00,49.8,17.4,,,,,,,
2020-12-11,2020-12-11T08:51+03:00,49.4,17.2,,,,,,,
2020-12-12,2020-12-12T08:51+03:00,49.5,17.3,,,,,,,
2020-12-13,2020-12-13T08:42+03:00,49.2,17.2,,,,,,,
2020-12-14,2020-12-14T08:48+03:00,49.2,17.2,,,,,,,
2020-12-15,2020-12-15T07:20+03:00,49.6,17.3,,,,,,,
2020-12-16,2020-12-16T07:08+03:00,49.3,17.2,,,,,,,
2020-12-17,2020-12-17T07:16+03:00,49.1,17.1,,,,,,,
2020-12-18,2020-12-18T07:17+03:00,48.7,17,,,,,,,
2020-12-19,2020-12-19T08:19+03:00,49,17.1,,,,,,,
2020-12-20,2020-12-20T08:46+03:00,49.1,17.1,,,,,,,
2020-12-21,2020-12-21T08:38+03:00,49.4,17.2,,,,,,,
2020-12-22,2020-12-22T07:10+03:00,49,17.1,,,,,,,
2020-12-23,2020-12-23T08:50+03:00,49,17.1,,,,,,,
2020-12-24,2020-12-24T07:11+03:00,49.4,17.2,,,,,,,
2020-12-25,2020-12-25T08:18+03:00,49.1,17.1,,,,,,,
2020-12-26,2020-12-26T08:47+03:00,49.6,17.3,,,,,,,
2020-12-27,2020-12-27T08:28+03:00,49.6,17.3,,,,,,,
2020-12-28,2020-12-28T08:08+03:00,49.5,17.3,,,,,,,
2020-12-29,2020-12-29T10:39+03:00,50.3,17.6,,,,,,,
2020-12-30,2020-12-30T08:08+03:00,49.4,17.2,,,,,,,
2020-12-31,2020-12-31T08:17+03:00,50.2,17.5,,,,,,,
