date,steps,distance_m,calories_kcal,active_min,stand_hours,resting_hr,avg_hr,min_hr,max_hr,sleep_min,deep_sleep_min,light_sleep_min,awake_min,sleep_score,nap_min,weight_kg,spo2_avg,pai_daily,pai_total,vitality_daily,vitality_total,training_load
2026-01-01,3471,1919,437,13,11,71,82,66,102,467,101,366,21,,,,,,,3,27,
2026-01-02,1724,956,448,7,12,71,85,69,105,427,95,332,20,,,55.2,,,,1,22,
2026-01-03,5088,2821,542,25,12,74,84,62,121,526,115,411,0,,,,,,,4,22,
2026-01-04,2696,1496,477,7,10,73,83,65,113,471,106,365,15,,,,,,,2,18,
2026-01-05,7339,4069,594,39,14,69,90,62,122,440,106,334,11,,34,,,,,14,28,
2026-01-06,6861,3804,527,39,11,72,85,64,118,428,86,342,1,,,,,,,8,35,
2026-01-07,2672,1481,394,17,10,76,86,66,124,497,100,397,3,,50,,,,,5,37,
2026-01-08,2587,1434,414,19,10,72,86,65,125,462,93,369,7,,25,,,,,7,41,
2026-01-09,2453,1359,408,12,7,70,84,62,120,453,104,349,27,,31,,,,,2,42,
2026-01-10,5911,3277,477,40,11,68,82,61,116,504,126,378,26,,78,,,,,4,42,
2026-01-11,3792,2101,533,21,10,74,84,61,130,574,144,430,12,,,,,,,4,44,
2026-01-12,2689,1492,470,17,12,67,84,57,134,380,85,295,5,,35,,,,,8,38,
2026-01-13,1897,1051,448,13,9,64,85,57,128,348,72,276,0,,,,,,,7,37,
2026-01-14,4575,2538,503,37,10,63,84,60,131,449,101,348,4,,,,,,,11,43,
2026-01-15,4822,2672,486,47,10,61,85,55,133,473,141,332,4,,,,,,,10,46,
2026-01-16,4370,2423,532,26,9,68,84,61,119,352,91,261,1,,,,,,,4,48,
2026-01-17,2320,1287,424,5,10,68,76,59,108,477,99,378,3,,,,,,,0,44,
2026-01-18,4389,2434,470,18,12,62,77,59,109,443,96,347,7,,,,,,,3,43,
2026-01-19,5707,3164,501,36,13,71,86,60,132,542,113,429,1,,,,,,,6,41,
2026-01-20,5231,2899,517,34,9,71,86,59,135,456,98,358,10,,,,,,,8,42,
2026-01-21,2998,1662,491,27,10,78,91,62,135,476,111,365,12,,,,,,,10,41,
2026-01-22,3573,1980,436,40,11,72,89,66,136,419,105,314,12,,,,,,,10,41,
2026-01-23,3256,1805,473,31,6,75,90,66,133,451,135,316,8,,26,,,,,7,44,
2026-01-24,2068,1146,410,5,11,67,77,63,104,494,102,392,2,,70,,,,,0,44,
2026-01-25,5119,2840,457,29,10,66,80,60,114,452,115,337,6,,,,,,,2,43,
2026-01-26,2311,1282,473,17,11,66,78,59,129,500,107,393,15,,32,,,,,4,41,
2026-01-27,892,494,361,,8,60,71,55,96,503,112,391,14,,,,,,,0,33,
2026-01-28,2606,1444,465,8,10,58,75,56,105,497,119,378,13,,,,,,,1,24,
2026-01-29,3590,1990,507,9,13,65,77,60,109,486,104,382,11,,,,,,,2,16,
2026-01-30,955,529,382,,11,63,74,59,99,502,109,393,21,,,,,,,0,9,
2026-01-31,1743,968,453,3,11,65,79,60,111,270,55,215,0,,176,,,,,1,10,
2026-02-01,1402,777,463,,10,68,76,61,106,442,107,335,25,,,53.95,,,,0,8,
2026-02-02,2473,1370,572,21,13,59,84,58,144,452,135,317,20,,,,,,,14,18,
2026-02-03,3080,1707,529,12,10,68,82,57,109,376,82,294,1,,,,,,,1,19,
2026-02-04,4164,2309,491,33,11,67,88,61,133,347,84,263,0,,,,,,,7,25,
2026-02-05,3378,1872,499,20,9,72,87,60,128,473,151,322,0,,,,,,,6,29,
2026-02-06,2912,1616,456,26,16,67,89,60,157,404,98,306,0,,,,,,,12,41,
2026-02-07,3408,1889,467,18,13,65,77,58,105,498,114,384,36,,32,,,,,2,42,
2026-02-08,3105,1722,505,9,13,66,79,59,103,409,86,323,0,,,,,,,1,43,
2026-02-09,2174,1205,529,5,9,70,85,58,124,423,103,320,10,,52,,,,,5,34,
2026-02-10,4874,2702,468,29,13,65,80,60,126,457,105,352,16,,,,,,,6,39,
2026-02-11,7279,4034,567,43,16,66,83,58,122,474,102,372,1,,,,,,,8,40,
2026-02-12,6942,3848,529,39,12,61,79,58,125,449,92,357,1,,,,,,,5,39,
2026-02-13,3340,1851,522,25,14,65,83,53,138,507,105,402,36,,,,,,,10,37,
2026-02-14,4422,2451,492,27,14,60,79,58,116,394,102,292,29,,,,,,,3,38,
2026-02-15,6418,3557,604,16,11,68,82,59,115,535,117,418,10,,,,,,,4,41,
2026-02-16,3775,2093,552,6,12,64,81,56,109,432,92,340,31,,,,,,,2,38,
2026-02-17,4294,2381,500,29,12,67,84,55,131,502,140,362,29,,27,,,,,10,42,
2026-02-18,4679,2593,534,23,11,62,84,59,149,485,104,381,9,,,,,,,20,52,
2026-02-19,4988,2764,521,23,9,68,80,60,125,496,120,376,26,,,,,,,23,55,
2026-02-20,6536,3624,533,36,10,66,82,59,134,468,121,347,67,,145,,,,,30,62,
2026-02-21,8318,4612,596,49,15,64,82,63,116,404,101,303,14,,,,,,,34,66,
2026-02-22,3508,1944,457,15,9,62,78,59,110,464,107,357,21,,38,,,,,36,68,
2026-02-23,2243,1244,447,10,13,67,74,59,107,559,123,436,52,,,,,,,37,69,
2026-02-24,2500,1385,522,6,11,61,80,58,106,275,61,214,27,,39,,,,,37,69,
2026-02-25,881,488,374,,9,68,80,63,106,441,121,320,68,,,,,,,37,69,
2026-02-26,1906,1056,448,8,9,73,87,68,118,477,118,359,25,,,,,,,38,70,
2026-02-27,4261,2363,433,25,8,75,86,64,111,493,113,380,15,,23,,,,,40,72,
2026-02-28,5070,2810,523,32,11,71,89,66,132,361,73,288,63,,,,96,,,44,76,
2026-03-01,2179,1207,447,6,12,79,90,76,116,547,119,428,3,,,,97,,,45,77,
2026-03-02,2597,1439,439,5,10,86,91,81,110,518,128,390,36,,29,,99,,,46,78,
2026-03-03,4032,2235,492,8,12,76,83,67,106,533,129,404,9,,,,,,,48,80,
2026-03-04,1372,761,455,,14,68,81,62,106,422,102,320,22,,,52.4,,,,48,80,
2026-03-05,2077,1151,492,6,10,67,88,62,122,371,76,295,51,,,,,,,49,81,
2026-03-06,969,537,408,,8,65,83,61,105,478,106,372,78,,,,,,,49,81,
2026-03-07,1682,932,413,6,9,73,83,58,121,478,124,354,40,,,,,,,50,82,
2026-03-08,1114,617,402,,9,70,78,62,106,499,100,399,41,,,,,,,50,82,
2026-03-09,5788,3209,517,50,14,70,93,60,141,270,56,214,0,,133,,,,,5,79,
2026-03-10,2486,1378,381,14,7,73,86,66,130,421,95,326,21,,,,,,,1,75,
2026-03-11,4593,2545,483,22,10,65,85,59,125,412,85,327,4,,,,,,,2,67,
2026-03-12,3431,1901,511,26,10,67,87,59,154,467,95,372,29,,,,,,,4,68,
2026-03-13,3836,2126,392,31,6,65,82,60,126,447,100,347,4,,,,,,,3,67,
2026-03-14,3592,1991,449,10,11,61,74,55,104,442,103,339,5,,,,,,,0,65,
2026-03-15,1311,726,373,,11,67,75,61,105,545,113,432,50,,,,,,,0,15,
2026-03-16,5911,3278,517,40,13,69,92,65,136,499,118,381,1,,,,,,,10,20,
2026-03-17,7654,4228,557,37,13,72,88,64,126,212,45,167,0,,172,,,,,8,27,1
2026-03-18,3841,2129,445,25,9,65,83,60,128,418,108,310,27,,,,,,,5,30,
2026-03-19,4267,2366,494,18,11,66,84,59,128,453,110,343,7,,,,98,,,6,32,
2026-03-20,3947,2187,408,30,8,65,80,62,117,429,88,341,1,,,,,,,5,34,
2026-03-21,5029,2756,544,19,12,70,79,60,115,475,101,374,0,,,,,,,3,37,
2026-03-22,7196,3988,597,46,13,66,81,63,108,453,98,355,9,,28,,,,,4,41,
2026-03-23,4957,2742,587,42,8,72,84,58,132,468,104,364,7,,,,,,,11,42,1
2026-03-24,4681,2596,434,23,10,59,81,57,128,450,91,359,1,,,,,,,5,39,
2026-03-25,5321,2950,484,27,10,64,82,60,121,506,119,387,6,,,,,,,5,39,
2026-03-26,9593,5318,593,70,13,62,86,58,124,447,105,342,4,,,,,,,11,44,
2026-03-27,4878,2706,490,28,12,62,82,61,120,416,98,318,0,,,,,,,4,43,
2026-03-28,6669,3697,549,5,10,,84,60,119,432,89,343,16,,,,,,,4,44,
2026-03-29,2404,1332,421,8,10,62,75,58,107,,,,,,266,,,,,1,41,
2026-03-30,2875,1593,386,3,10,62,72,51,105,405,88,317,3,,,,,,,1,31,
2026-03-31,1471,815,353,,10,61,72,54,92,417,95,322,0,,,,,,,0,26,
2026-04-01,910,504,386,,10,65,73,54,100,473,102,371,9,,,52.4,,,,0,21,
2026-04-02,4739,2627,463,17,11,62,80,56,112,402,97,305,9,,,,,,,4,14,
2026-04-03,1567,868,391,,10,67,80,58,120,424,101,323,12,,,,,,,1,11,
2026-04-04,3868,2144,391,,12,67,78,58,105,458,107,351,3,,,,,,,2,9,
2026-04-05,3957,2193,394,10,13,65,77,61,104,452,96,356,0,,,,,,,4,12,
2026-04-06,852,472,320,,10,64,75,57,102,485,115,370,9,,,,,,,0,11,
2026-04-07,1281,711,310,2,11,69,78,56,105,437,102,335,0,,,,,,,0,11,
2026-04-08,5097,2825,349,37,10,70,81,59,115,461,96,365,0,,,,,,,5,16,
2026-04-09,2401,1330,369,3,10,64,78,56,106,416,86,330,2,,,,,,,2,14,
2026-04-10,1122,621,345,2,9,64,78,57,116,435,130,305,12,,,,,,,0,13,
2026-04-11,3457,1916,373,15,11,69,80,61,101,456,94,362,0,,,,,,,4,15,
2026-04-12,4386,2431,487,5,13,67,83,56,123,490,105,385,0,,,,,,,7,18,
2026-04-13,836,463,312,,8,66,77,59,104,435,95,340,4,,,,,,,0,18,
2026-04-14,3264,1809,344,22,6,59,76,57,111,466,124,342,9,,,,,,,4,22,
2026-04-15,2282,1267,414,2,13,65,77,61,106,508,106,402,3,,,,,,,1,18,
2026-04-16,4561,2529,468,9,7,,89,71,119,,,,,,184,,,,,7,23,
2026-04-17,7696,4268,561,41,12,72,88,64,128,503,107,396,4,,,,,,,12,35,
2026-04-18,5087,2819,525,27,12,68,83,62,126,406,90,316,4,,,,,,,7,38,
2026-04-19,8392,4655,536,53,12,64,84,60,125,522,126,396,4,,55,,,,,10,41,
2026-04-20,4061,2252,515,28,10,62,83,59,126,433,104,329,9,,,,,,,7,48,
2026-04-21,4052,2246,423,28,8,66,82,59,131,398,84,314,6,,,,,,,6,50,
2026-04-22,5747,3185,551,39,14,62,83,59,134,407,97,310,4,,,,,,,9,58,
2026-04-23,771,427,396,,9,65,73,61,95,453,110,343,10,,,,,,,0,51,
2026-04-24,4230,2345,455,27,10,66,78,60,122,400,94,306,0,,,,,,,4,43,
2026-04-25,4605,2552,446,22,10,62,76,58,111,460,100,360,0,,26,,,,,3,39,
2026-04-26,1120,622,457,,9,62,75,58,105,451,98,353,3,,21,,,,,0,29,1
2026-04-27,11815,6551,618,79,15,74,90,57,143,430,98,332,1,,,,,,,20,42,
2026-04-28,7202,3993,503,27,12,65,80,58,124,454,105,349,6,,26,,,,,6,42,
2026-04-29,7850,4351,515,38,12,63,81,54,121,330,79,251,6,,,,,,,7,40,
2026-04-30,8134,4510,445,39,10,64,81,59,128,452,105,347,12,,,,,,,8,48,
2026-05-01,7365,4082,516,42,10,70,82,59,125,433,101,332,1,,26,51.85,,,,8,52,
2026-05-02,10013,5551,495,70,13,67,86,62,117,446,113,333,17,,67,,,,,9,58,
2026-05-03,5480,3038,475,32,11,67,81,63,129,478,122,356,4,,74,,,,,4,62,
2026-05-04,6803,3771,473,3,11,67,78,61,106,508,127,381,9,,,,,,,3,45,
2026-05-05,899,498,400,,12,64,73,60,94,433,98,335,8,,,,,,,0,39,
2026-05-06,1521,845,373,4,10,65,74,57,97,448,94,354,6,,,,,,,0,32,
2026-05-07,2487,1379,446,11,8,69,80,61,116,466,105,361,37,,,,,,,2,26,
2026-05-08,7285,4039,447,40,14,69,84,59,127,455,113,342,8,,,,,,,10,28,
2026-05-09,12276,6805,544,64,14,71,85,63,124,456,95,361,11,,82,,,,,16,35,
2026-05-10,3654,2025,445,21,13,70,83,66,112,512,122,390,6,,,,,,,2,33,
2026-05-11,10933,6061,594,33,12,70,86,63,132,461,100,361,6,,28,,,,,14,44,
2026-05-12,5828,3231,444,50,8,73,87,65,130,441,89,352,10,,,,,,,8,52,
2026-05-13,5499,3048,484,51,10,67,85,62,141,440,94,346,26,,,,,,,6,58,
2026-05-14,6434,3566,481,36,14,69,86,61,126,447,99,348,26,,,,,,,7,63,
2026-05-15,6771,3755,532,40,15,71,85,62,127,434,92,342,14,,,,,,,7,60,
2026-05-16,4952,2744,497,18,11,68,80,59,114,496,112,384,32,,,,,,,2,46,
2026-05-17,6480,3592,488,44,11,67,81,57,122,531,107,424,5,,,,,,,5,49,
2026-05-18,3246,1759,390,15,11,67,77,61,104,475,105,370,6,,,,,,,2,37,2
2026-05-19,7998,4434,438,28,11,66,76,56,107,452,96,356,6,,,,,,,7,36,
2026-05-20,4583,2541,433,10,10,66,77,57,98,475,96,379,5,,,,,,,2,32,
2026-05-21,2432,1349,337,6,10,70,78,60,98,440,98,342,7,,,,,,,1,26,
2026-05-22,10320,5721,499,52,12,65,81,62,111,477,110,367,10,,,,,,,13,32,
2026-05-23,10476,5807,518,52,11,69,84,62,126,447,106,341,7,,,,,,,14,44,
2026-05-24,1297,719,437,,11,72,81,65,107,485,100,385,6,,,,,,,0,39,
2026-05-25,6777,3664,553,24,12,68,84,58,129,408,98,310,11,,,,,,,8,45,4
2026-05-26,3902,2163,398,10,11,73,79,60,119,484,108,376,6,,,,,,,2,40,
2026-05-27,5902,3268,463,29,9,66,82,58,121,477,109,368,15,,,,,,,5,43,
2026-05-28,3733,2032,479,5,11,67,80,60,108,398,103,295,46,,,,,,,2,44,5
2026-05-29,8568,4750,490,46,11,67,86,61,123,490,103,387,6,,,,,,,9,40,
2026-05-30,9181,5090,598,39,13,67,85,64,115,410,85,325,52,,,,,,,8,34,
2026-05-31,10732,5949,600,68,10,70,84,62,117,451,97,354,10,,,,,,,8,42,
2026-06-01,7795,4277,527,32,10,65,79,59,117,510,113,397,32,,,53.05,,,,7,41,5
2026-06-02,6004,3328,459,28,9,66,81,59,114,464,107,357,8,,,,,,,4,43,
2026-06-03,7646,4164,523,51,12,70,83,62,119,493,111,382,6,,,,,,,8,46,6
2026-06-04,6476,3590,427,38,10,68,82,56,132,444,106,338,5,,,,,,,6,50,
2026-06-05,7894,4375,366,53,10,68,83,61,121,464,108,356,9,,,,,,,7,48,
2026-06-06,7429,4111,589,28,13,71,83,62,108,466,110,356,12,,,,,,,5,45,
2026-06-07,10357,5741,540,61,12,71,85,61,121,238,48,190,0,,220,,,,,9,46,
2026-06-08,6342,3515,528,31,14,63,82,60,130,464,98,366,1,,,,,,,7,46,
2026-06-09,8755,4854,526,35,12,69,79,59,128,443,97,346,13,,,,,,,7,49,
2026-06-10,7989,4429,485,30,11,70,81,60,121,451,106,345,5,,,,,,,7,48,
2026-06-11,7613,4220,496,49,11,65,83,59,111,440,99,341,9,,,,,,,5,47,
2026-06-12,6459,3581,550,32,12,66,80,59,126,429,106,323,6,,,,,,,4,44,
2026-06-13,12419,6885,577,44,13,69,86,65,121,498,102,396,6,,,,,,,9,48,
2026-06-14,7555,4188,496,48,9,70,84,68,119,500,122,378,10,,,,,,,6,45,
2026-06-15,12462,6907,594,60,12,65,83,62,118,426,95,331,5,,,,,,,9,47,
2026-06-16,9109,5050,539,55,13,66,87,61,139,406,90,316,6,,,,,,,8,48,
2026-06-17,7311,4002,609,36,13,70,83,62,130,433,98,335,10,,,,,,,7,48,7
2026-06-18,9141,5068,553,46,14,66,84,59,130,408,98,310,11,,,,,,,6,49,
2026-06-19,9482,5256,597,45,11,70,87,62,124,434,91,343,8,,,,,,,7,52,
2026-06-20,6770,3752,471,30,10,67,82,64,121,520,133,387,11,,,,,,,6,49,
2026-06-21,5721,3171,506,32,14,70,83,63,118,461,108,353,6,,,,,,,5,48,
2026-06-22,8859,4913,583,32,16,67,82,63,117,431,95,336,11,,,,,,,5,44,
2026-06-23,10110,5606,597,55,16,67,87,62,122,358,87,271,6,,,,,,,7,43,
2026-06-24,8853,4908,567,34,11,67,84,61,121,391,98,293,43,,,,,,,8,44,
2026-06-25,8345,4626,516,26,14,65,79,59,117,459,107,352,5,,,,,,,5,43,
2026-06-26,7089,3929,602,27,12,65,82,59,126,427,101,326,6,,,,,,,9,47,
2026-06-27,8311,4607,650,26,10,65,86,58,119,351,71,280,4,,125,,,,,14,52,
2026-06-28,3477,1927,404,2,14,60,75,56,102,,,,,,168,,,,,15,53,
2026-06-29,2154,1194,396,2,13,68,76,57,105,495,103,392,6,,,,,,,16,54,
2026-06-30,3907,2166,407,18,13,66,78,59,120,488,117,371,6,,,,,,,18,56,
2026-07-01,4488,2488,484,28,10,73,87,61,130,446,105,341,55,,,53.9,,,,22,60,
2026-07-02,2039,1130,363,2,12,71,80,62,105,499,106,393,27,,,,,,,23,61,
2026-07-03,3183,1765,411,5,10,70,81,60,115,507,116,391,7,,60,,,,,24,62,
2026-07-04,6204,3440,465,29,13,66,82,57,134,492,105,387,3,,,,,,,27,65,
2026-07-05,3549,1969,454,2,11,69,80,64,108,501,123,378,13,,,,,,,28,66,
2026-07-06,4107,2276,428,6,14,72,80,59,102,428,90,338,24,,,,,,,29,67,
2026-07-07,2528,1401,344,3,11,69,79,63,107,497,101,396,20,,,,,,,29,67,
2026-07-08,2370,1313,359,2,,,77,60,100,435,101,334,3,,,,,,,30,68,
2026-07-09,6028,3340,374,40,6,75,81,58,116,481,106,375,30,,,,,,,32,70,
2026-07-10,4839,2682,435,25,8,70,82,58,128,445,105,340,4,,,,,,,34,72,
2026-07-11,12669,7022,468,61,12,64,88,57,127,457,104,353,14,,,,,,,40,78,
2026-07-12,2824,1565,397,,12,65,75,59,103,462,113,349,6,,,,,,,40,78,
2026-07-13,2217,1229,393,,10,64,78,56,112,456,104,352,4,,,,,,,40,78,
2026-07-14,2499,1385,379,,12,64,79,59,108,514,106,408,7,,,,,,,40,78,
2026-07-15,1363,755,313,2,10,70,79,60,108,460,147,313,46,,24,,,,,41,79,
2026-07-16,7293,4044,441,21,13,65,82,60,140,440,101,339,5,,27,,,,,43,81,
2026-07-17,5414,3001,518,12,13,61,80,59,106,424,107,317,59,,,,,,,44,82,
2026-07-18,2779,1541,452,2,13,64,78,58,104,429,96,333,6,,105,,,,,44,82,
2026-07-19,9032,5006,492,28,12,67,80,61,117,448,105,343,31,,,,,,,46,84,
2026-07-20,2226,1233,407,4,10,65,79,58,111,437,108,329,30,,,,,,,46,84,
2026-07-21,2727,1511,410,1,12,65,80,60,110,441,102,339,9,,,,,,,46,84,
2026-07-22,660,365,268,,7,71,78,62,97,526,109,417,11,,,,,,,46,84,
2026-07-23,1494,828,353,2,12,64,77,61,105,434,100,334,15,,,,,,,47,85,
2026-07-24,3657,2027,426,3,9,67,78,59,106,450,93,357,11,,,,,,,47,85,
2026-07-25,3191,1769,474,7,12,67,83,60,125,495,119,376,7,,,,,,,48,86,
2026-07-26,14100,7816,758,51,7,,102,72,141,,,,,,,,,,,51,89,
2026-07-27,9160,5077,606,25,14,71,86,64,121,495,118,377,2,,,,,,,52,90,
2026-07-28,12453,6902,467,56,11,70,85,66,136,501,140,361,13,,106,,,,,53,91,
2026-07-29,10474,5805,552,59,13,67,83,61,117,498,102,396,6,,,,,,,54,92,
2026-07-30,12881,7140,550,72,14,72,84,57,111,487,99,388,14,,,55.2,,,,55,93,
2026-07-31,13502,7483,608,71,16,72,85,57,118,401,83,318,0,,,,,,,56,94,
2026-08-01,10725,5944,535,64,3,,87,58,118,465,66,219,0,,76,,,,,57,95,
2026-08-02,7090,3932,567,15,12,67,80,57,126,462,110,352,9,,,,,,,57,95,
2026-08-03,9291,5151,513,41,9,66,84,61,125,417,93,324,8,,,,,,,57,95,
2026-08-04,8836,4897,544,48,14,65,84,60,119,405,82,323,21,,,,,,,58,96,
2026-08-05,7074,3921,495,38,11,68,84,60,130,478,99,379,6,,27,,,,,58,96,
2026-08-06,10639,5897,519,40,14,63,80,60,123,413,87,326,7,,,,,,,58,96,
2026-08-07,8845,4903,520,36,13,64,82,60,126,462,94,368,22,,,,,,,59,97,
2026-08-08,6301,3492,430,37,10,63,80,59,121,488,113,375,11,,,,,,,59,97,
2026-08-09,5329,2953,455,35,15,63,77,62,123,500,116,384,4,,,,,,,59,97,
2026-08-10,1105,612,406,,13,65,78,59,108,452,126,326,40,,,,,,,59,97,
2026-08-11,5894,3267,452,,10,67,80,60,121,501,124,377,30,,,,,,,59,97,
2026-08-12,7100,3935,483,35,12,66,81,61,129,446,100,346,24,,,,,,,59,97,
2026-08-13,11435,6338,595,41,14,66,85,62,131,452,119,333,46,,,,,,,59,97,
2026-08-14,5357,2971,432,30,10,69,82,62,132,488,113,375,6,,,,,,,59,97,
2026-08-15,7069,3919,560,33,14,67,82,61,110,404,82,322,6,,,,,,,59,97,
2026-08-16,6282,3484,440,29,12,66,80,60,118,409,97,312,33,,,,,,,59,97,
2026-08-17,9167,5082,499,37,12,68,81,64,109,500,107,393,56,,,,,,,60,98,
2026-08-18,5928,3285,496,29,13,66,84,59,124,453,135,318,8,,,,,,,60,98,
2026-08-19,7862,4358,470,39,11,67,85,59,133,449,143,306,62,,,,,,,60,98,
2026-08-20,9116,5053,536,46,12,62,82,59,121,441,94,347,25,,,,,,,60,98,
2026-08-21,7778,4312,487,40,12,67,80,60,117,500,104,396,30,,,,,,,0,91,
2026-08-22,5369,2976,491,13,10,68,77,58,113,503,102,401,5,,,,,,,0,85,
2026-08-23,6850,3798,516,27,13,68,81,61,130,405,99,306,4,,,,,,,0,80,
2026-08-24,8360,4634,512,34,13,64,83,59,124,454,111,343,7,,,,,,,0,75,
2026-08-25,8639,4790,520,43,13,67,85,59,141,460,101,359,10,,,,,,,0,68,
2026-08-26,8129,4506,457,31,13,69,84,60,126,470,107,363,5,,,,,,,0,60,
2026-08-27,5521,3060,469,2,12,61,79,59,108,346,78,268,2,,23,,,,,2,2,
2026-08-28,7472,4142,480,32,16,67,85,57,133,427,101,326,7,,,,,,,8,10,
2026-08-29,6525,3616,481,31,11,71,81,60,122,444,109,335,9,,,,,,,6,16,
2026-08-30,3054,1692,370,,12,73,81,65,108,476,98,378,12,,62,,,,,1,17,
2026-08-31,8120,4501,448,34,13,69,81,62,121,468,100,368,4,,,,,,,5,22,
2026-09-01,5426,3007,488,29,10,64,81,59,116,434,109,325,19,,,54.7,,,,6,28,
2026-09-02,7765,4301,666,40,13,71,83,57,129,397,85,312,5,,54,,,,,11,39,19
2026-09-03,9749,5406,500,48,12,62,80,59,125,421,99,322,37,,,,,,,8,45,
2026-09-04,6769,3753,395,35,9,66,79,57,122,431,90,341,14,,38,,,,,5,42,
2026-09-05,7373,4086,487,44,12,71,82,61,107,493,113,380,4,,,,,,,7,43,
2026-09-06,7816,4332,501,40,11,68,82,63,119,479,109,370,4,,,,,,,6,48,
2026-09-07,7591,4208,462,27,12,67,81,62,108,435,88,347,4,,,,,,,4,47,
2026-09-08,6505,3605,436,5,12,62,74,58,103,495,102,393,9,,,,,,,3,44,
2026-09-09,2269,1257,364,2,10,61,73,55,102,355,71,284,66,,20,,,,,0,33,
2026-09-10,5818,3226,467,7,11,66,73,56,109,498,130,368,17,,52,,,,,3,28,
2026-09-11,5129,2843,442,8,11,61,74,54,121,512,115,397,10,,,,,,,4,27,
2026-09-12,6930,3841,488,39,13,63,79,56,110,413,102,311,29,,,,,,,7,27,
2026-09-13,6819,3779,509,37,14,66,81,62,113,360,73,287,6,,,,,,,7,28,
2026-09-14,7132,3949,505,30,9,64,78,57,120,440,101,339,7,,,,,,,6,30,
2026-09-15,7027,3891,453,33,7,67,80,55,130,462,104,358,9,,31,,,,,7,34,
2026-09-16,7016,3891,657,30,10,63,82,57,132,407,96,311,6,,,,,,,9,43,16
2026-09-17,12805,7099,533,85,11,66,87,58,128,424,94,330,6,,,,,,,18,58,
2026-09-18,11461,6347,522,65,9,63,86,58,120,405,93,312,5,,,,,,,10,64,
2026-09-19,6597,3657,483,47,9,62,84,60,134,374,119,255,5,,,,,,,5,62,
2026-09-20,9639,5344,530,58,12,67,83,56,128,448,96,352,10,,,,,,,8,63,
2026-09-21,6635,3672,502,26,9,72,82,59,128,468,94,374,24,,,,,,,5,62,
2026-09-22,6738,3734,464,32,9,67,81,58,121,449,90,359,10,,,,,,,4,59,
2026-09-23,6753,3676,719,44,11,69,82,60,129,452,100,352,12,,,,,,,7,57,33
2026-09-24,1022,566,61,,11,71,68,62,89,463,104,359,8,,,,,,,0,39,
2026-09-25,,,,,,,,,,407,94,313,7,,,,,,,,,
2026-09-26,,,,,,,,,,405,90,315,6,,,,,,,,,
2026-09-27,,,,,,,,,,484,164,320,52,,62,,,,,,,
2026-09-28,,,,,,,,,,481,102,379,5,,,,,,,,,
2026-09-29,,,,,,,,,,454,96,358,6,,,,,,,,,
2026-09-30,,,,,,,,,,352,74,278,0,,,,,,,,,
2026-10-01,,,,,,,,,,463,106,357,53,,,,,,,,,
2026-10-02,,,,,,,,,,457,98,359,6,,,,,,,,,
2026-10-03,,,,,,,,,,485,107,378,6,,,,,,,,,
