date,type,start,end,duration_min,distance_m,calories_kcal,steps,avg_hr,max_hr,min_hr,avg_pace_s_per_km,elevation_gain_m,train_load
2026-03-23,free_training,2026-03-23T14:03+04:00,2026-03-23T14:55+04:00,51.3,,30,,95,124,80,,,1
2026-05-18,free_training,2026-05-18T10:12+04:00,2026-05-18T10:31+04:00,18.9,,49,,95,116,82,,,2
2026-05-25,free_training,2026-05-25T10:16+04:00,2026-05-25T10:38+04:00,22.0,,58,,96,124,75,,,4
2026-05-28,free_training,2026-05-28T12:24+04:00,2026-05-28T12:45+04:00,21.1,,58,,99,126,77,,,5
2026-06-01,free_training,2026-06-01T10:20+04:00,2026-06-01T10:35+04:00,15.0,,45,,104,125,92,,,5
2026-06-03,free_training,2026-06-03T10:40+04:00,2026-06-03T10:53+04:00,12.9,,43,,111,136,95,,,6
2026-06-17,free_training,2026-06-17T10:39+04:00,2026-06-17T10:54+04:00,15.5,,52,,110,135,90,,,7
2026-09-02,free_training,2026-09-02T10:47+04:00,2026-09-02T12:00+04:00,72.6,,212,,101,141,75,,,19
2026-09-16,free_training,2026-09-16T10:27+04:00,2026-09-16T11:30+04:00,63.4,,179,,100,124,79,,,16
2026-09-23,free_training,2026-09-23T10:29+04:00,2026-09-23T11:42+04:00,72.9,,247,,108,144,79,,,33
2026-09-30,free_training,2026-09-30T15:27+04:00,2026-09-30T16:50+04:00,82.3,,276,,106,149,66,,,35
