date,type,bedtime,wakeup,duration_min,deep_min,light_min,awake_min,score,avg_hr,min_hr,max_hr
2022-01-01,night,2022-01-01T01:56+03:00,2022-01-01T10:00+03:00,478,76,402,6,85,,,
2022-01-01,nap,2022-01-01T17:45+03:00,2022-01-01T18:08+03:00,23,,,,,,,
2022-01-02,night,2022-01-02T00:11+03:00,2022-01-02T08:45+03:00,504,99,405,10,86,,,
2022-01-03,night,2022-01-02T23:40+03:00,2022-01-03T07:03+03:00,438,114,324,5,92,,,
2022-01-04,night,2022-01-03T23:46+03:00,2022-01-04T08:24+03:00,513,95,418,5,91,,,
2022-01-05,night,2022-01-04T23:20+03:00,2022-01-05T08:43+03:00,549,115,434,14,84,,,
2022-01-06,night,2022-01-06T00:03+03:00,2022-01-06T08:51+03:00,523,85,438,5,88,,,
2022-01-07,night,2022-01-06T23:30+03:00,2022-01-07T09:06+03:00,571,75,496,5,84,,,
2022-01-08,night,2022-01-07T23:58+03:00,2022-01-08T08:11+03:00,489,47,442,4,82,,,
2022-01-08,nap,2022-01-08T16:25+03:00,2022-01-08T17:23+03:00,58,,,,,,,
2022-01-09,night,2022-01-09T00:07+03:00,2022-01-09T08:30+03:00,498,62,436,5,85,,,
2022-01-10,night,2022-01-10T00:28+03:00,2022-01-10T08:24+03:00,471,88,383,5,89,,,
2022-01-11,night,2022-01-11T00:41+03:00,2022-01-11T07:01+03:00,380,68,312,0,86,,,
2022-01-12,night,2022-01-11T23:36+03:00,2022-01-12T08:41+03:00,538,62,476,7,80,,,
2022-01-13,night,2022-01-13T00:04+03:00,2022-01-13T07:04+03:00,416,33,383,4,77,,,
2022-01-14,night,2022-01-13T23:58+03:00,2022-01-14T08:27+03:00,504,85,419,5,89,,,
2022-01-15,night,2022-01-15T00:34+03:00,2022-01-15T08:33+03:00,474,44,430,5,80,,,
2022-01-16,night,2022-01-16T00:55+03:00,2022-01-16T08:20+03:00,439,57,382,6,83,,,
2022-01-17,night,2022-01-16T23:54+03:00,2022-01-17T08:46+03:00,527,65,462,5,85,,,
2022-01-18,night,2022-01-17T23:47+03:00,2022-01-18T08:33+03:00,509,50,459,17,75,,,
2022-01-19,night,2022-01-18T23:54+03:00,2022-01-19T07:50+03:00,443,52,391,33,77,,,
2022-01-20,night,2022-01-19T23:32+03:00,2022-01-20T07:06+03:00,450,78,372,4,91,,,
2022-01-21,night,2022-01-20T23:28+03:00,2022-01-21T08:27+03:00,529,59,470,10,80,,,
2022-01-22,night,2022-01-21T23:46+03:00,2022-01-22T08:22+03:00,511,76,435,5,88,,,
2022-01-23,night,2022-01-22T23:54+03:00,2022-01-23T08:37+03:00,517,111,406,6,91,,,
2022-01-24,night,2022-01-24T00:32+03:00,2022-01-24T08:22+03:00,463,88,375,7,85,,,
2022-01-25,night,2022-01-24T23:58+03:00,2022-01-25T07:18+03:00,435,76,359,5,89,,,
2022-01-26,night,2022-01-26T00:08+03:00,2022-01-26T08:36+03:00,500,66,434,8,81,,,
2022-01-27,night,2022-01-27T00:03+03:00,2022-01-27T07:03+03:00,420,28,392,0,78,,,
2022-01-28,night,2022-01-28T00:04+03:00,2022-01-28T06:47+03:00,398,64,334,5,86,,,
2022-01-29,night,2022-01-28T23:50+03:00,2022-01-29T08:27+03:00,511,90,421,6,90,,,
2022-01-30,night,2022-01-30T00:12+03:00,2022-01-30T08:34+03:00,498,85,413,4,89,,,
2022-01-31,night,2022-01-31T00:13+03:00,2022-01-31T08:39+03:00,500,93,407,6,90,,,
2022-02-01,night,2022-02-01T00:06+03:00,2022-02-01T07:01+03:00,410,90,320,5,89,,,
2022-02-02,night,2022-02-02T00:44+03:00,2022-02-02T08:32+03:00,462,85,377,6,84,,,
2022-02-03,night,2022-02-03T01:09+03:00,2022-02-03T06:50+03:00,341,51,290,0,80,,,
2022-02-04,night,2022-02-03T23:13+03:00,2022-02-04T04:45+03:00,332,30,302,0,77,,,
2022-02-05,night,2022-02-05T00:29+03:00,2022-02-05T07:51+03:00,442,87,355,0,92,,,
2022-02-06,night,2022-02-05T22:52+03:00,2022-02-06T04:22+03:00,330,13,317,0,71,,,
2022-02-07,night,2022-02-06T22:32+03:00,2022-02-07T04:10+03:00,338,42,296,0,84,,,
2022-02-07,nap,2022-02-07T08:17+03:00,2022-02-07T08:45+03:00,28,,,,,,,
2022-02-08,night,2022-02-07T23:14+03:00,2022-02-08T07:01+03:00,467,95,372,0,96,,,
2022-02-09,night,2022-02-08T23:40+03:00,2022-02-09T08:56+03:00,551,134,417,5,90,,,
2022-02-10,night,2022-02-10T00:30+03:00,2022-02-10T07:05+03:00,395,55,340,0,85,,,
2022-02-11,night,2022-02-10T23:47+03:00,2022-02-11T07:35+03:00,463,25,438,5,76,,,
2022-02-12,night,2022-02-11T23:23+03:00,2022-02-12T08:17+03:00,528,84,444,6,85,,,
2022-02-13,night,2022-02-13T00:15+03:00,2022-02-13T08:26+03:00,486,42,444,5,80,,,
2022-02-14,night,2022-02-14T00:30+03:00,2022-02-14T08:07+03:00,451,33,418,6,72,,,
2022-02-15,night,2022-02-14T23:34+03:00,2022-02-15T07:57+03:00,498,78,420,5,90,,,
2022-02-16,night,2022-02-16T00:00+03:00,2022-02-16T08:40+03:00,514,70,444,6,84,,,
2022-02-17,night,2022-02-16T23:48+03:00,2022-02-17T07:14+03:00,446,53,393,0,87,,,
2022-02-18,night,2022-02-18T00:02+03:00,2022-02-18T08:13+03:00,427,68,359,64,74,,,
2022-02-19,night,2022-02-19T00:11+03:00,2022-02-19T08:21+03:00,486,106,380,4,91,,,
2022-02-20,night,2022-02-20T01:58+03:00,2022-02-20T08:34+03:00,396,49,347,0,80,,,
2022-02-21,night,2022-02-20T23:47+03:00,2022-02-21T08:19+03:00,506,102,404,6,91,,,
2022-02-22,night,2022-02-21T23:23+03:00,2022-02-22T07:05+03:00,461,55,406,1,86,,,
2022-02-23,night,2022-02-23T00:20+03:00,2022-02-23T08:19+03:00,474,69,405,5,86,,,
2022-02-24,night,2022-02-23T23:59+03:00,2022-02-24T07:06+03:00,422,86,336,5,89,,,
2022-02-25,night,2022-02-24T23:18+03:00,2022-02-25T08:12+03:00,534,94,440,0,93,,,
2022-02-25,nap,2022-02-25T12:16+03:00,2022-02-25T12:41+03:00,25,,,,,,,
2022-02-26,night,2022-02-26T00:05+03:00,2022-02-26T08:02+03:00,471,80,391,6,85,,,
2022-02-27,night,2022-02-27T00:31+03:00,2022-02-27T08:28+03:00,477,54,423,0,85,,,
2022-02-28,night,2022-02-27T23:25+03:00,2022-02-28T05:17+03:00,352,78,274,0,89,,,
2022-03-01,night,2022-03-01T00:11+03:00,2022-03-01T07:01+03:00,403,60,343,7,84,,,
2022-03-02,night,2022-03-02T00:02+03:00,2022-03-02T08:16+03:00,494,56,438,0,86,,,
2022-03-03,night,2022-03-03T00:43+03:00,2022-03-03T07:00+03:00,377,58,319,0,84,,,
2022-03-03,nap,2022-03-03T10:45+03:00,2022-03-03T13:00+03:00,131,,,,,,,
2022-03-04,night,2022-03-04T00:26+03:00,2022-03-04T08:30+03:00,484,72,412,0,89,,,
2022-03-05,night,2022-03-05T00:10+04:00,2022-03-05T07:52+04:00,462,63,399,0,88,,,
2022-03-06,night,2022-03-06T02:37+04:00,2022-03-06T05:25+04:00,168,0,168,0,46,,,
2022-03-06,nap,2022-03-06T14:31+04:00,2022-03-06T16:24+04:00,108,,,,,,,
2022-03-07,night,2022-03-07T02:20+04:00,2022-03-07T10:55+04:00,270,0,270,245,38,,,
2022-03-08,night,2022-03-08T00:36+04:00,2022-03-08T09:22+04:00,526,69,457,0,85,,,
2022-03-09,night,2022-03-09T00:53+04:00,2022-03-09T09:00+04:00,487,83,404,0,89,,,
2022-03-10,night,2022-03-10T00:00+04:00,2022-03-10T09:01+04:00,541,51,490,0,82,,,
2022-03-11,night,2022-03-11T00:39+04:00,2022-03-11T09:15+04:00,515,41,474,1,77,,,
2022-03-12,night,2022-03-12T01:42+04:00,2022-03-12T08:53+04:00,400,16,384,31,64,,,
2022-03-13,night,2022-03-13T00:29+04:00,2022-03-13T08:28+04:00,478,102,376,1,89,,,
2022-03-14,night,2022-03-14T01:41+04:00,2022-03-14T08:48+04:00,422,49,373,5,78,,,
2022-03-15,night,2022-03-15T00:45+04:00,2022-03-15T08:07+04:00,437,95,342,5,84,,,
2022-03-16,night,2022-03-16T00:42+04:00,2022-03-16T08:44+04:00,482,52,430,0,83,,,
2022-03-17,night,2022-03-17T00:51+04:00,2022-03-17T08:55+04:00,484,75,409,0,88,,,
2022-03-18,night,2022-03-18T01:18+04:00,2022-03-18T08:51+04:00,453,40,413,0,79,,,
2022-03-19,night,2022-03-19T00:31+04:00,2022-03-19T09:14+04:00,523,56,467,0,83,,,
2022-03-20,night,2022-03-20T03:21+04:00,2022-03-20T09:10+04:00,349,49,300,0,78,,,
2022-03-21,night,2022-03-21T00:58+04:00,2022-03-21T08:37+04:00,459,62,397,0,85,,,
2022-03-22,night,2022-03-21T23:54+04:00,2022-03-22T10:29+04:00,569,75,494,66,68,,,
2022-03-23,night,2022-03-23T00:16+04:00,2022-03-23T08:46+04:00,510,50,460,0,83,,,
2022-03-23,nap,2022-03-23T10:54+04:00,2022-03-23T11:17+04:00,23,,,,,,,
2022-03-24,night,2022-03-24T02:13+04:00,2022-03-24T08:21+04:00,368,44,324,0,77,,,
2022-03-25,night,2022-03-25T02:05+04:00,2022-03-25T09:27+04:00,442,70,372,0,86,,,
2022-03-26,night,2022-03-25T22:59+03:00,2022-03-26T07:09+03:00,490,111,379,0,96,,,
2022-03-27,night,2022-03-27T01:43+03:00,2022-03-27T09:03+03:00,440,91,349,0,88,,,
2022-03-27,nap,2022-03-27T17:03+03:00,2022-03-27T17:25+03:00,22,,,,,,,
2022-03-28,night,2022-03-28T01:37+03:00,2022-03-28T08:28+03:00,411,64,347,0,84,,,
2022-03-29,night,2022-03-28T23:44+03:00,2022-03-29T07:08+03:00,444,130,314,0,93,,,
2022-03-30,night,2022-03-30T00:10+03:00,2022-03-30T08:40+03:00,506,79,427,4,86,,,
2022-03-31,night,2022-03-30T21:10+03:00,2022-03-31T08:03+03:00,623,77,546,30,72,,,
2022-04-01,night,2022-04-01T00:09+03:00,2022-04-01T07:20+03:00,427,94,333,4,83,,,
2022-04-02,night,2022-04-01T23:25+03:00,2022-04-02T08:02+03:00,517,91,426,0,91,,,
2022-04-03,night,2022-04-03T02:14+03:00,2022-04-03T08:39+03:00,333,23,310,52,53,,,
2022-04-04,night,2022-04-04T01:51+03:00,2022-04-04T08:26+03:00,390,47,343,5,74,,,
2022-04-05,night,2022-04-05T00:17+03:00,2022-04-05T08:05+03:00,453,59,394,15,77,,,
2022-04-06,night,2022-04-06T00:22+03:00,2022-04-06T08:24+03:00,474,64,410,8,79,,,
2022-04-07,night,2022-04-06T23:55+03:00,2022-04-07T07:21+03:00,326,67,259,120,66,,,
2022-04-08,night,2022-04-08T01:22+03:00,2022-04-08T08:05+03:00,399,78,321,4,82,,,
2022-04-09,night,2022-04-09T00:17+03:00,2022-04-09T08:20+03:00,468,45,423,15,78,,,
2022-04-10,night,2022-04-10T02:30+04:00,2022-04-10T03:37+04:00,56,0,56,11,25,,,
2022-04-12,night,2022-04-12T00:14+04:00,2022-04-12T08:05+04:00,467,50,417,4,80,,,
2022-04-13,night,2022-04-12T23:57+04:00,2022-04-13T08:33+04:00,430,68,362,86,70,,,
2022-04-14,night,2022-04-14T01:00+04:00,2022-04-14T08:45+04:00,459,77,382,6,84,,,
2022-04-15,night,2022-04-15T00:35+04:00,2022-04-15T09:07+04:00,506,74,432,6,81,,,
2022-04-16,night,2022-04-16T01:07+04:00,2022-04-16T09:09+04:00,476,78,398,6,82,,,
2022-04-17,night,2022-04-17T00:47+04:00,2022-04-17T09:19+04:00,506,61,445,6,74,,,
2022-04-18,night,2022-04-18T00:56+04:00,2022-04-18T09:03+04:00,483,56,427,4,79,,,
2022-04-19,night,2022-04-19T00:42+04:00,2022-04-19T08:41+04:00,474,87,387,5,84,,,
2022-04-20,night,2022-04-20T01:17+04:00,2022-04-20T09:22+04:00,479,82,397,6,82,,,
2022-04-21,night,2022-04-20T23:47+04:00,2022-04-21T09:06+04:00,550,66,484,9,75,,,
2022-04-22,night,2022-04-22T00:51+04:00,2022-04-22T08:37+04:00,461,67,394,5,83,,,
2022-04-23,night,2022-04-23T00:28+04:00,2022-04-23T08:34+04:00,480,77,403,6,86,,,
2022-04-23,nap,2022-04-23T16:51+04:00,2022-04-23T17:47+04:00,56,,,,,,,
2022-04-24,night,2022-04-23T23:51+04:00,2022-04-24T07:16+04:00,440,20,420,5,71,,,
2022-04-25,night,2022-04-25T00:06+04:00,2022-04-25T08:05+04:00,476,79,397,3,85,,,
2022-04-25,nap,2022-04-25T15:25+04:00,2022-04-25T17:51+04:00,139,,,,,,,
2022-04-26,night,2022-04-25T23:59+04:00,2022-04-26T08:41+04:00,518,71,447,4,82,,,
2022-04-27,night,2022-04-27T00:46+04:00,2022-04-27T06:12+04:00,322,47,275,4,72,,,
2022-04-28,night,2022-04-28T00:32+04:00,2022-04-28T09:37+04:00,539,109,430,6,80,,,
2022-04-29,night,2022-04-29T00:49+04:00,2022-04-29T09:41+04:00,524,92,432,8,78,,,
2022-04-30,night,2022-04-30T01:17+04:00,2022-04-30T08:53+04:00,456,70,386,0,83,,,
2022-05-01,night,2022-05-01T00:51+03:00,2022-05-01T08:12+03:00,435,74,361,6,83,,,
2022-05-02,night,2022-05-02T00:07+03:00,2022-05-02T06:57+03:00,410,0,410,0,69,,,
2022-05-02,nap,2022-05-02T14:25+03:00,2022-05-02T15:02+03:00,37,,,,,,,
2022-05-03,night,2022-05-03T00:08+03:00,2022-05-03T09:16+03:00,526,83,443,22,83,,,
2022-05-04,night,2022-05-04T00:36+03:00,2022-05-04T06:55+03:00,373,63,310,6,80,,,
2022-05-05,nap,2022-05-04T21:07+03:00,2022-05-05T14:56+03:00,60,,,,,,,
2022-05-05,night,2022-05-04T23:58+03:00,2022-05-05T08:33+03:00,511,64,447,4,83,,,
2022-05-06,night,2022-05-06T00:22+03:00,2022-05-06T06:50+03:00,382,75,307,6,83,,,
2022-05-07,night,2022-05-07T00:20+03:00,2022-05-07T09:33+03:00,547,97,450,6,84,,,
2022-05-07,nap,2022-05-07T15:48+03:00,2022-05-07T16:12+03:00,24,,,,,,,
2022-05-08,night,2022-05-08T00:36+03:00,2022-05-08T08:55+03:00,495,76,419,4,84,,,
2022-05-09,night,2022-05-09T00:19+03:00,2022-05-09T08:49+03:00,499,104,395,11,80,,,
2022-05-10,night,2022-05-10T00:55+03:00,2022-05-10T08:35+03:00,455,33,422,5,73,,,
2022-05-11,night,2022-05-11T00:01+03:00,2022-05-11T06:48+03:00,403,57,346,4,82,,,
2022-05-12,night,2022-05-12T00:09+03:00,2022-05-12T08:29+03:00,495,87,408,5,88,,,
2022-05-13,night,2022-05-13T00:09+03:00,2022-05-13T06:50+03:00,397,67,330,4,83,,,
2022-05-14,night,2022-05-13T23:27+03:00,2022-05-14T08:44+03:00,557,72,485,0,88,,,
2022-05-15,night,2022-05-15T01:53+04:00,2022-05-15T07:47+04:00,337,0,337,17,59,,,
2022-05-16,night,2022-05-16T00:45+04:00,2022-05-16T07:55+04:00,430,64,366,0,87,,,
2022-05-17,night,2022-05-17T01:22+04:00,2022-05-17T09:35+04:00,488,79,409,5,85,,,
2022-05-18,night,2022-05-18T00:16+04:00,2022-05-18T09:18+04:00,538,68,470,4,83,,,
2022-05-19,night,2022-05-19T00:54+04:00,2022-05-19T09:27+04:00,507,70,437,6,84,,,
2022-05-20,night,2022-05-20T00:48+04:00,2022-05-20T08:59+04:00,480,85,395,11,83,,,
2022-05-21,night,2022-05-21T00:22+04:00,2022-05-21T09:13+04:00,523,99,424,8,82,,,
2022-05-22,night,2022-05-22T01:02+04:00,2022-05-22T09:14+04:00,473,85,388,19,86,,,
2022-05-23,night,2022-05-23T00:36+04:00,2022-05-23T09:06+04:00,504,110,394,6,88,,,
2022-05-24,night,2022-05-24T00:13+04:00,2022-05-24T08:42+04:00,505,44,461,4,80,,,
2022-05-25,night,2022-05-25T00:41+04:00,2022-05-25T09:14+04:00,507,81,426,6,87,,,
2022-05-26,night,2022-05-26T01:31+04:00,2022-05-26T08:58+04:00,442,71,371,5,84,,,
2022-05-27,night,2022-05-27T01:05+04:00,2022-05-27T09:19+04:00,488,67,421,6,84,,,
2022-05-28,night,2022-05-28T01:55+03:00,2022-05-28T08:01+03:00,365,84,281,1,82,,,
2022-05-29,night,2022-05-29T00:51+03:00,2022-05-29T07:02+03:00,337,8,329,34,55,,,
2022-05-30,night,2022-05-30T00:07+03:00,2022-05-30T06:47+03:00,398,65,333,2,86,,,
2022-05-31,night,2022-05-31T00:47+03:00,2022-05-31T08:45+03:00,477,62,415,1,81,,,
2022-06-01,night,2022-06-01T01:40+03:00,2022-06-01T07:01+03:00,321,39,282,0,74,,,
2022-06-02,night,2022-06-02T00:38+03:00,2022-06-02T08:05+03:00,439,82,357,8,87,,,
2022-06-03,night,2022-06-03T00:24+03:00,2022-06-03T08:03+03:00,458,62,396,1,85,,,
2022-06-04,night,2022-06-04T00:35+03:00,2022-06-04T07:22+03:00,406,79,327,1,86,,,
2022-06-05,night,2022-06-05T00:18+03:00,2022-06-05T07:58+03:00,447,55,392,13,79,,,
2022-06-06,night,2022-06-06T00:09+03:00,2022-06-06T06:51+03:00,402,62,340,0,87,,,
2022-06-07,night,2022-06-07T00:52+03:00,2022-06-07T08:31+03:00,458,66,392,1,84,,,
2022-06-08,night,2022-06-08T00:24+03:00,2022-06-08T08:33+03:00,488,59,429,1,81,,,
2022-06-09,night,2022-06-09T00:23+03:00,2022-06-09T07:38+03:00,429,73,356,6,87,,,
2022-06-10,night,2022-06-10T00:11+03:00,2022-06-10T08:32+03:00,501,76,425,0,90,,,
2022-06-11,night,2022-06-11T02:43+03:00,2022-06-11T05:24+03:00,161,16,145,0,56,,,
2022-06-12,night,2022-06-11T22:36+04:00,2022-06-12T05:17+04:00,401,55,346,0,89,,,
2022-06-13,night,2022-06-13T00:34+04:00,2022-06-13T08:35+04:00,480,61,419,1,83,,,
2022-06-14,night,2022-06-13T23:48+04:00,2022-06-14T09:00+04:00,550,108,442,2,88,,,
2022-06-15,night,2022-06-15T00:42+04:00,2022-06-15T08:16+04:00,452,94,358,2,87,,,
2022-06-16,night,2022-06-16T00:44+04:00,2022-06-16T08:21+04:00,455,102,353,2,83,,,
2022-06-17,night,2022-06-17T00:38+04:00,2022-06-17T07:24+04:00,405,74,331,1,84,,,
2022-06-18,night,2022-06-18T00:31+04:00,2022-06-18T08:13+04:00,461,60,401,1,82,,,
2022-06-18,nap,2022-06-18T18:25+04:00,2022-06-18T19:23+04:00,58,,,,,,,
2022-06-19,night,2022-06-19T00:48+04:00,2022-06-19T08:30+04:00,461,57,404,1,81,,,
2022-06-20,night,2022-06-20T00:05+04:00,2022-06-20T08:33+04:00,499,78,421,9,86,,,
2022-06-21,night,2022-06-21T01:12+04:00,2022-06-21T08:24+04:00,430,81,349,2,84,,,
2022-06-22,night,2022-06-22T01:41+04:00,2022-06-22T08:33+04:00,412,91,321,0,86,,,
2022-06-23,night,2022-06-23T00:32+04:00,2022-06-23T08:54+04:00,498,98,400,4,83,,,
2022-06-24,night,2022-06-24T01:29+04:00,2022-06-24T08:47+04:00,438,68,370,0,85,,,
2022-06-25,night,2022-06-25T01:21+04:00,2022-06-25T09:36+04:00,494,59,435,1,80,,,
2022-06-26,night,2022-06-26T01:00+04:00,2022-06-26T09:21+04:00,499,73,426,2,83,,,
2022-06-27,night,2022-06-27T00:34+04:00,2022-06-27T08:47+04:00,492,86,406,1,87,,,
2022-06-28,night,2022-06-28T00:19+04:00,2022-06-28T08:19+04:00,479,35,444,1,76,,,
2022-06-29,night,2022-06-29T00:36+04:00,2022-06-29T08:20+04:00,420,67,353,44,73,,,
2022-06-30,night,2022-06-30T01:25+04:00,2022-06-30T09:10+04:00,464,67,397,1,82,,,
2022-07-01,night,2022-07-01T02:58+04:00,2022-07-01T09:12+04:00,373,49,324,1,75,,,
2022-07-02,night,2022-07-01T23:50+04:00,2022-07-02T09:45+04:00,595,72,523,0,81,,,
2022-07-03,night,2022-07-03T00:24+04:00,2022-07-03T09:20+04:00,534,102,432,2,87,,,
2022-07-04,night,2022-07-04T00:27+04:00,2022-07-04T09:33+04:00,545,92,453,1,84,,,
2022-07-05,night,2022-07-05T00:48+03:00,2022-07-05T08:57+03:00,488,69,419,1,83,,,
2022-07-06,night,2022-07-06T01:42+03:00,2022-07-06T07:21+03:00,334,11,323,5,47,,,
2022-07-07,night,2022-07-07T01:18+03:00,2022-07-07T08:58+03:00,460,81,379,0,87,,,
2022-07-08,night,2022-07-08T02:54+03:00,2022-07-08T06:35+03:00,221,34,187,0,65,,,
2022-07-09,night,2022-07-09T00:31+03:00,2022-07-09T08:42+03:00,491,77,414,0,88,,,
2022-07-10,night,2022-07-10T01:32+03:00,2022-07-10T07:07+03:00,335,51,284,0,76,,,
2022-07-11,night,2022-07-11T00:11+03:00,2022-07-11T08:36+03:00,503,76,427,2,80,,,
2022-07-12,night,2022-07-12T00:35+03:00,2022-07-12T08:25+03:00,469,106,363,1,88,,,
2022-07-13,night,2022-07-13T01:23+03:00,2022-07-13T08:30+03:00,426,89,337,1,85,,,
2022-07-14,night,2022-07-14T00:28+03:00,2022-07-14T08:34+03:00,485,66,419,1,84,,,
2022-07-15,night,2022-07-14T23:36+03:00,2022-07-15T06:46+03:00,421,77,344,9,88,,,
2022-07-16,night,2022-07-16T00:56+03:00,2022-07-16T08:45+03:00,459,93,366,10,86,,,
2022-07-17,night,2022-07-17T00:59+03:00,2022-07-17T08:39+03:00,460,60,400,0,84,,,
2022-07-18,night,2022-07-18T00:34+03:00,2022-07-18T07:48+03:00,434,54,380,0,84,,,
2022-07-19,night,2022-07-19T00:23+03:00,2022-07-19T08:46+03:00,495,61,434,8,82,,,
2022-07-20,night,2022-07-20T00:52+03:00,2022-07-20T06:47+03:00,355,67,288,0,83,,,
2022-07-21,night,2022-07-20T23:56+03:00,2022-07-21T08:19+03:00,503,69,434,0,88,,,
2022-07-22,night,2022-07-22T00:30+03:00,2022-07-22T06:48+03:00,375,65,310,3,76,,,
2022-07-23,night,2022-07-23T00:58+03:00,2022-07-23T09:08+03:00,480,70,410,10,83,,,
2022-07-24,night,2022-07-24T01:56+04:00,2022-07-24T02:16+04:00,20,0,20,0,40,,,
2022-07-25,night,2022-07-25T00:35+04:00,2022-07-25T09:12+04:00,516,86,430,1,86,,,
2022-07-26,night,2022-07-26T01:25+04:00,2022-07-26T08:35+04:00,428,55,373,2,78,,,
2022-07-27,night,2022-07-27T01:29+04:00,2022-07-27T08:48+04:00,437,66,371,2,82,,,
2022-07-28,night,2022-07-28T00:52+04:00,2022-07-28T09:03+04:00,490,80,410,1,85,,,
2022-07-29,night,2022-07-29T01:02+04:00,2022-07-29T08:03+04:00,420,103,317,1,86,,,
2022-07-30,night,2022-07-30T00:45+04:00,2022-07-30T09:06+04:00,501,92,409,0,89,,,
2022-07-31,night,2022-07-31T01:10+04:00,2022-07-31T09:23+04:00,492,79,413,1,85,,,
2022-08-01,night,2022-08-01T02:15+04:00,2022-08-01T09:11+04:00,414,92,322,2,84,,,
2022-08-02,night,2022-08-02T00:38+04:00,2022-08-02T09:11+04:00,505,71,434,8,84,,,
2022-08-03,night,2022-08-03T01:03+04:00,2022-08-03T08:51+04:00,466,63,403,2,83,,,
2022-08-04,night,2022-08-04T00:49+04:00,2022-08-04T08:51+04:00,481,107,374,1,89,,,
2022-08-05,night,2022-08-05T00:39+04:00,2022-08-05T08:54+04:00,494,74,420,1,84,,,
2022-08-06,night,2022-08-06T00:58+04:00,2022-08-06T09:40+04:00,521,81,440,1,84,,,
2022-08-07,night,2022-08-07T00:28+03:00,2022-08-07T08:00+03:00,444,82,362,8,83,,,
2022-08-08,night,2022-08-08T00:03+03:00,2022-08-08T07:00+03:00,417,0,417,0,73,,,
2022-08-09,night,2022-08-09T00:40+03:00,2022-08-09T08:43+03:00,483,69,414,0,88,,,
2022-08-10,night,2022-08-10T01:09+03:00,2022-08-10T06:50+03:00,341,54,287,0,81,,,
2022-08-11,night,2022-08-11T00:43+03:00,2022-08-11T09:00+03:00,496,45,451,1,79,,,
2022-08-12,night,2022-08-12T00:33+03:00,2022-08-12T06:53+03:00,380,93,287,0,88,,,
2022-08-13,night,2022-08-13T00:57+03:00,2022-08-13T09:17+03:00,500,63,437,0,83,,,
2022-08-14,night,2022-08-14T01:03+03:00,2022-08-14T08:58+03:00,468,59,409,7,83,,,
2022-08-15,night,2022-08-15T00:21+03:00,2022-08-15T08:38+03:00,490,78,412,7,88,,,
2022-08-16,night,2022-08-16T00:57+03:00,2022-08-16T08:48+03:00,471,66,405,0,87,,,
2022-08-17,night,2022-08-17T00:46+03:00,2022-08-17T06:35+03:00,341,62,279,8,77,,,
2022-08-18,night,2022-08-18T00:24+03:00,2022-08-18T08:48+03:00,496,98,398,8,90,,,
2022-08-19,night,2022-08-19T00:47+03:00,2022-08-19T06:53+03:00,366,65,301,0,82,,,
2022-08-20,night,2022-08-20T00:37+03:00,2022-08-20T08:51+03:00,492,93,399,2,89,,,
2022-08-21,night,2022-08-21T06:04+04:00,2022-08-21T06:50+04:00,46,0,46,0,28,,,
2022-08-22,night,2022-08-22T00:35+04:00,2022-08-22T09:09+04:00,514,82,432,0,87,,,
2022-08-23,night,2022-08-23T00:43+04:00,2022-08-23T09:11+04:00,507,77,430,1,84,,,
2022-08-24,night,2022-08-24T00:30+04:00,2022-08-24T08:35+04:00,482,84,398,3,82,,,
2022-08-25,night,2022-08-25T01:09+04:00,2022-08-25T08:36+04:00,446,91,355,1,86,,,
2022-08-26,night,2022-08-26T00:32+04:00,2022-08-26T08:35+04:00,480,120,360,3,84,,,
2022-08-27,night,2022-08-27T01:07+04:00,2022-08-27T08:32+04:00,445,100,345,0,88,,,
2022-08-28,night,2022-08-28T00:28+04:00,2022-08-28T08:45+04:00,495,88,407,2,87,,,
2022-08-29,night,2022-08-29T00:56+04:00,2022-08-29T08:37+04:00,458,71,387,3,84,,,
2022-08-30,night,2022-08-30T00:48+04:00,2022-08-30T08:36+04:00,467,82,385,1,86,,,
2022-08-31,night,2022-08-31T00:54+04:00,2022-08-31T08:44+04:00,469,89,380,1,86,,,
2022-09-01,night,2022-09-01T00:30+04:00,2022-09-01T08:47+04:00,495,81,414,2,86,,,
2022-09-02,night,2022-09-02T01:09+04:00,2022-09-02T08:57+04:00,465,35,430,3,74,,,
2022-09-03,night,2022-09-03T01:28+04:00,2022-09-03T09:07+04:00,451,82,369,8,84,,,
2022-09-04,night,2022-09-04T01:03+04:00,2022-09-04T09:03+04:00,478,109,369,2,87,,,
2022-09-05,night,2022-09-05T00:18+04:00,2022-09-05T09:01+04:00,521,82,439,2,85,,,
2022-09-06,night,2022-09-06T00:48+04:00,2022-09-06T08:50+04:00,479,82,397,3,85,,,
2022-09-07,night,2022-09-07T01:02+04:00,2022-09-07T09:07+04:00,483,128,355,2,82,,,
2022-09-08,night,2022-09-08T00:56+04:00,2022-09-08T09:16+04:00,500,85,415,0,87,,,
2022-09-09,night,2022-09-09T01:35+04:00,2022-09-09T09:20+04:00,463,79,384,2,83,,,
2022-09-10,night,2022-09-10T00:10+04:00,2022-09-10T06:24+04:00,373,43,330,1,75,,,
2022-09-11,night,2022-09-11T01:33+04:00,2022-09-11T09:23+04:00,469,73,396,1,82,,,
2022-09-12,night,2022-09-12T00:59+04:00,2022-09-12T09:01+04:00,480,72,408,2,83,,,
2022-09-13,night,2022-09-13T01:53+04:00,2022-09-13T08:49+04:00,414,66,348,2,80,,,
2022-09-14,night,2022-09-14T01:36+04:00,2022-09-14T09:10+04:00,451,71,380,3,78,,,
2022-09-15,night,2022-09-15T00:29+04:00,2022-09-15T09:11+04:00,521,79,442,1,84,,,
2022-09-16,night,2022-09-16T00:57+04:00,2022-09-16T09:11+04:00,492,78,414,2,84,,,
2022-09-17,night,2022-09-17T01:37+04:00,2022-09-17T09:39+04:00,480,65,415,2,80,,,
2022-09-18,night,2022-09-18T00:13+04:00,2022-09-18T09:32+04:00,552,110,442,7,82,,,
2022-09-19,night,2022-09-19T00:39+04:00,2022-09-19T08:36+04:00,477,71,406,0,87,,,
2022-09-20,night,2022-09-19T23:53+03:00,2022-09-20T05:26+03:00,311,73,238,22,74,,,
2022-09-20,nap,2022-09-20T23:16+03:00,2022-09-20T23:36+03:00,20,,,,,,,
2022-09-21,nap,2022-09-21T10:33+03:00,2022-09-21T11:01+03:00,28,,,,,,,
2022-09-22,night,2022-09-22T02:00+03:00,2022-09-22T08:46+03:00,391,118,273,15,84,,,
2022-09-23,night,2022-09-23T01:10+03:00,2022-09-23T06:50+03:00,340,50,290,0,76,,,
2022-09-24,night,2022-09-24T01:12+03:00,2022-09-24T08:44+03:00,452,57,395,0,82,,,
2022-09-25,night,2022-09-25T01:40+03:00,2022-09-25T08:42+03:00,422,64,358,0,85,,,
2022-09-26,night,2022-09-26T00:40+03:00,2022-09-26T08:40+03:00,480,81,399,0,89,,,
2022-09-27,night,2022-09-27T01:31+03:00,2022-09-27T08:40+03:00,423,58,365,6,81,,,
2022-09-28,night,2022-09-28T01:07+03:00,2022-09-28T08:47+03:00,460,60,400,0,83,,,
2022-09-29,night,2022-09-29T00:53+03:00,2022-09-29T08:27+03:00,454,54,400,0,82,,,
2022-09-30,night,2022-09-30T00:50+03:00,2022-09-30T08:41+03:00,471,96,375,0,90,,,
2022-10-01,night,2022-09-30T23:15+04:00,2022-10-01T05:35+04:00,380,0,380,0,67,,,
2022-10-02,night,2022-10-02T01:23+04:00,2022-10-02T09:48+04:00,378,58,320,127,64,,,
2022-10-03,night,2022-10-03T00:58+04:00,2022-10-03T09:25+04:00,498,57,441,9,80,,,
2022-10-04,night,2022-10-04T01:52+04:00,2022-10-04T08:32+04:00,400,67,333,0,83,,,
2022-10-05,night,2022-10-04T23:20+04:00,2022-10-05T07:42+04:00,468,82,386,34,83,,,
2022-10-06,night,2022-10-05T23:48+04:00,2022-10-06T08:50+04:00,540,93,447,2,87,,,
2022-10-07,night,2022-10-06T22:23+04:00,2022-10-07T08:41+04:00,617,77,540,1,80,,,
2022-10-08,night,2022-10-08T00:40+04:00,2022-10-08T08:53+04:00,492,97,395,1,87,,,
2022-10-09,night,2022-10-09T00:27+04:00,2022-10-09T09:14+04:00,518,79,439,9,80,,,
2022-10-10,night,2022-10-10T01:04+04:00,2022-10-10T09:09+04:00,482,69,413,3,82,,,
2022-10-11,night,2022-10-11T00:51+04:00,2022-10-11T09:07+04:00,494,55,439,2,79,,,
2022-10-12,night,2022-10-12T00:32+04:00,2022-10-12T08:34+04:00,479,101,378,3,83,,,
2022-10-13,night,2022-10-13T01:01+04:00,2022-10-13T09:11+04:00,482,66,416,8,77,,,
2022-10-14,night,2022-10-14T00:36+04:00,2022-10-14T09:26+04:00,521,72,449,9,78,,,
2022-10-15,night,2022-10-15T01:09+04:00,2022-10-15T09:23+04:00,492,63,429,2,80,,,
2022-10-15,nap,2022-10-15T11:20+04:00,2022-10-15T11:59+04:00,39,,,,,,,
2022-10-16,night,2022-10-16T01:16+04:00,2022-10-16T09:06+04:00,468,96,372,2,85,,,
2022-10-17,night,2022-10-17T00:39+04:00,2022-10-17T09:03+04:00,496,101,395,8,87,,,
2022-10-18,night,2022-10-18T01:25+04:00,2022-10-18T09:14+04:00,467,69,398,2,82,,,
2022-10-19,night,2022-10-19T00:28+04:00,2022-10-19T09:04+04:00,515,66,449,1,82,,,
2022-10-20,night,2022-10-20T00:25+04:00,2022-10-20T09:15+04:00,523,58,465,7,80,,,
2022-10-21,night,2022-10-21T01:12+04:00,2022-10-21T09:02+04:00,449,79,370,21,78,,,
2022-10-22,night,2022-10-22T01:40+04:00,2022-10-22T09:11+04:00,435,86,349,16,77,,,
2022-10-22,nap,2022-10-22T11:17+04:00,2022-10-22T17:09+04:00,71,,,,,,,
2022-10-23,night,2022-10-23T01:02+04:00,2022-10-23T09:25+04:00,496,58,438,7,75,,,
2022-10-23,nap,2022-10-23T22:47+04:00,2022-10-23T23:08+04:00,21,,,,,,,
2022-10-24,night,2022-10-24T00:36+04:00,2022-10-24T09:11+04:00,445,67,378,70,76,,,
2022-10-25,night,2022-10-25T00:17+04:00,2022-10-25T09:25+04:00,547,70,477,1,82,,,
2022-10-26,night,2022-10-26T01:17+04:00,2022-10-26T09:17+04:00,475,109,366,5,87,,,
2022-10-27,night,2022-10-27T01:34+04:00,2022-10-27T09:21+04:00,465,83,382,2,85,,,
2022-10-28,night,2022-10-28T01:37+04:00,2022-10-28T08:35+04:00,418,99,319,0,87,,,
2022-10-29,night,2022-10-29T01:30+03:00,2022-10-29T08:33+03:00,416,60,356,7,81,,,
2022-10-30,night,2022-10-30T00:01+03:00,2022-10-30T05:14+03:00,245,7,238,68,40,,,
2022-10-31,night,2022-10-31T01:02+03:00,2022-10-31T09:49+03:00,518,94,424,9,81,,,
2022-11-01,night,2022-11-01T01:04+03:00,2022-11-01T08:34+03:00,450,51,399,0,82,,,
2022-11-01,nap,2022-11-01T14:10+03:00,2022-11-01T14:31+03:00,21,,,,,,,
2022-11-02,night,2022-11-02T01:04+03:00,2022-11-02T09:09+03:00,484,93,391,1,87,,,
2022-11-03,night,2022-11-03T00:44+03:00,2022-11-03T08:46+03:00,479,92,387,3,87,,,
2022-11-04,night,2022-11-04T00:54+03:00,2022-11-04T09:42+03:00,527,76,451,1,83,,,
2022-11-05,night,2022-11-05T00:24+03:00,2022-11-05T09:36+03:00,551,87,464,1,84,,,
2022-11-06,night,2022-11-06T00:23+03:00,2022-11-06T09:44+03:00,539,75,464,22,75,,,
2022-11-07,night,2022-11-07T00:51+03:00,2022-11-07T08:45+03:00,471,97,374,3,82,,,
2022-11-08,night,2022-11-08T01:18+03:00,2022-11-08T08:41+03:00,442,94,348,1,87,,,
2022-11-09,night,2022-11-09T01:26+03:00,2022-11-09T09:32+03:00,485,56,429,1,81,,,
2022-11-10,night,2022-11-10T00:53+03:00,2022-11-10T08:47+03:00,470,86,384,4,87,,,
2022-11-11,night,2022-11-11T00:27+03:00,2022-11-11T09:24+03:00,528,76,452,9,85,,,
2022-11-12,night,2022-11-12T00:59+03:00,2022-11-12T09:47+03:00,520,86,434,8,85,,,
2022-11-13,night,2022-11-13T00:44+04:00,2022-11-13T08:09+04:00,385,0,385,60,52,,,
2022-11-14,night,2022-11-14T01:38+04:00,2022-11-14T09:36+04:00,478,81,397,0,88,,,
2022-11-15,night,2022-11-15T02:35+04:00,2022-11-15T09:28+04:00,413,61,352,0,84,,,
2022-11-16,night,2022-11-16T01:08+04:00,2022-11-16T09:05+04:00,477,75,402,0,88,,,
2022-11-17,night,2022-11-17T00:53+04:00,2022-11-17T09:18+04:00,505,80,425,0,88,,,
2022-11-18,night,2022-11-18T03:15+04:00,2022-11-18T09:12+04:00,357,45,312,0,77,,,
2022-11-19,night,2022-11-19T01:00+04:00,2022-11-19T09:25+04:00,422,57,365,83,69,,,
2022-11-20,night,2022-11-20T00:17+04:00,2022-11-20T09:34+04:00,553,64,489,4,77,,,
2022-11-20,nap,2022-11-20T13:15+04:00,2022-11-20T13:58+04:00,43,,,,,,,
2022-11-21,night,2022-11-21T01:34+04:00,2022-11-21T08:55+04:00,441,63,378,0,85,,,
2022-11-22,night,2022-11-22T00:02+04:00,2022-11-22T08:59+04:00,533,105,428,4,89,,,
2022-11-23,night,2022-11-23T01:35+04:00,2022-11-23T09:21+04:00,457,60,397,9,81,,,
2022-11-24,night,2022-11-24T00:53+04:00,2022-11-24T08:34+04:00,461,79,382,0,89,,,
2022-11-25,night,2022-11-25T01:16+04:00,2022-11-25T09:22+04:00,485,109,376,1,88,,,
2022-11-26,night,2022-11-26T00:37+04:00,2022-11-26T08:13+04:00,448,56,392,8,83,,,
2022-11-26,nap,2022-11-26T10:17+04:00,2022-11-26T10:52+04:00,35,,,,,,,
2022-11-27,night,2022-11-27T01:55+04:00,2022-11-27T09:48+04:00,473,57,416,0,82,,,
2022-11-28,night,2022-11-28T00:10+04:00,2022-11-28T08:10+04:00,480,66,414,0,88,,,
2022-11-29,night,2022-11-29T00:22+04:00,2022-11-29T09:20+04:00,536,91,445,2,86,,,
2022-11-30,night,2022-11-30T01:19+04:00,2022-11-30T09:25+04:00,483,78,405,3,85,,,
2022-12-01,night,2022-12-01T01:16+04:00,2022-12-01T09:32+04:00,493,63,430,3,82,,,
2022-12-02,night,2022-12-02T01:26+04:00,2022-12-02T09:21+04:00,474,90,384,1,86,,,
2022-12-03,night,2022-12-03T00:24+03:00,2022-12-03T07:53+03:00,441,87,354,8,88,,,
2022-12-04,night,2022-12-04T01:54+03:00,2022-12-04T07:20+03:00,238,17,221,88,39,,,
2022-12-05,night,2022-12-05T00:45+03:00,2022-12-05T07:46+03:00,419,70,349,2,80,,,
2022-12-06,night,2022-12-06T00:36+03:00,2022-12-06T09:10+03:00,506,105,401,8,88,,,
2022-12-07,night,2022-12-07T00:26+03:00,2022-12-07T09:05+03:00,511,111,400,8,89,,,
2022-12-08,night,2022-12-08T01:18+03:00,2022-12-08T09:13+03:00,466,69,397,9,79,,,
2022-12-09,night,2022-12-09T00:52+03:00,2022-12-09T09:11+03:00,491,87,404,8,86,,,
2022-12-10,night,2022-12-10T00:25+03:00,2022-12-10T06:53+03:00,388,75,313,0,88,,,
2022-12-11,night,2022-12-11T00:19+03:00,2022-12-11T09:36+03:00,549,85,464,8,85,,,
2022-12-11,nap,2022-12-11T15:13+03:00,2022-12-11T15:31+03:00,18,,,,,,,
2022-12-12,night,2022-12-12T01:33+03:00,2022-12-12T08:39+03:00,426,94,332,0,88,,,
2022-12-13,night,2022-12-13T00:15+03:00,2022-12-13T06:52+03:00,397,65,332,0,87,,,
2022-12-14,night,2022-12-14T00:52+03:00,2022-12-14T08:35+03:00,461,54,407,2,81,,,
2022-12-15,night,2022-12-15T00:58+03:00,2022-12-15T08:59+03:00,480,69,411,1,84,,,
2022-12-16,night,2022-12-16T00:54+03:00,2022-12-16T09:16+03:00,494,71,423,8,84,,,
2022-12-17,night,2022-12-17T00:29+03:00,2022-12-17T06:53+03:00,382,90,292,2,85,,,
2022-12-17,nap,2022-12-17T23:08+03:00,2022-12-17T23:35+03:00,27,,,,,,,
2022-12-19,night,2022-12-18T23:50+04:00,2022-12-19T08:35+04:00,525,67,458,0,88,,,
2022-12-19,nap,2022-12-19T10:16+04:00,2022-12-19T10:58+04:00,42,,,,,,,
2022-12-20,night,2022-12-20T01:02+04:00,2022-12-20T09:25+04:00,502,61,441,1,81,,,
2022-12-21,night,2022-12-21T01:22+04:00,2022-12-21T09:19+04:00,476,91,385,1,86,,,
2022-12-22,night,2022-12-22T01:01+04:00,2022-12-22T09:25+04:00,503,56,447,1,80,,,
2022-12-23,night,2022-12-23T01:10+04:00,2022-12-23T09:26+04:00,494,106,388,2,88,,,
2022-12-24,night,2022-12-24T00:28+04:00,2022-12-24T09:29+04:00,540,98,442,1,87,,,
2022-12-25,night,2022-12-25T01:11+04:00,2022-12-25T10:07+04:00,534,76,458,2,82,,,
2022-12-25,nap,2022-12-25T22:30+04:00,2022-12-25T22:48+04:00,18,,,,,,,
2022-12-26,night,2022-12-26T00:33+04:00,2022-12-26T08:36+04:00,481,84,397,2,88,,,
2022-12-26,nap,2022-12-26T10:14+04:00,2022-12-26T11:24+04:00,69,,,,,,,
2022-12-27,night,2022-12-27T00:58+04:00,2022-12-27T09:28+04:00,501,80,421,9,85,,,
2022-12-28,night,2022-12-28T00:35+04:00,2022-12-28T09:24+04:00,520,102,418,9,88,,,
2022-12-29,night,2022-12-29T00:47+04:00,2022-12-29T09:18+04:00,508,66,442,3,79,,,
2022-12-30,night,2022-12-30T01:04+04:00,2022-12-30T09:33+04:00,508,76,432,1,85,,,
2022-12-31,night,2022-12-31T00:53+04:00,2022-12-31T09:46+04:00,444,53,391,89,68,,,
